
state 0
	$accept: .inputs $end 

	SINGLE_INPUT  shift 2
	FILE_INPUT  shift 3
	EVAL_INPUT  shift 4
	.  error

	inputs  goto 1

state 1
	$accept:  inputs.$end 

	$end  accept
	.  error


state 2
	inputs:  SINGLE_INPUT.single_input 

	NAME  shift 84
	STRING  shift 91
	NUMBER  shift 85
	ELIPSIS  shift 87
	FALSE  shift 90
	NONE  shift 88
	TRUE  shift 89
	ASSERT  shift 47
	BREAK  shift 50
	CLASS  shift 24
	CONTINUE  shift 51
	DEF  shift 23
	DEL  shift 36
	FOR  shift 20
	FROM  shift 56
	GLOBAL  shift 45
	IF  shift 18
	IMPORT  shift 55
	LAMBDA  shift 65
	NONLOCAL  shift 46
	NOT  shift 67
	PASS  shift 37
	RAISE  shift 53
	RETURN  shift 52
	TRY  shift 21
	WHILE  shift 19
	WITH  shift 22
	YIELD  shift 58
	'('  shift 81
	'['  shift 82
	'+'  shift 76
	'-'  shift 77
	'*'  shift 63
	'{'  shift 83
	'~'  shift 78
	'@'  shift 48
	.  error

	strings  goto 86
	single_input  goto 5
	simple_stmt  goto 6
	small_stmts  goto 8
	compound_stmt  goto 7
	small_stmt  goto 17
	expr_stmt  goto 26
	del_stmt  goto 27
	pass_stmt  goto 28
	flow_stmt  goto 29
	import_stmt  goto 30
	global_stmt  goto 31
	nonlocal_stmt  goto 32
	assert_stmt  goto 33
	break_stmt  goto 38
	continue_stmt  goto 39
	return_stmt  goto 40
	raise_stmt  goto 41
	yield_stmt  goto 42
	import_name  goto 43
	import_from  goto 44
	while_stmt  goto 10
	if_stmt  goto 9
	for_stmt  goto 11
	try_stmt  goto 12
	with_stmt  goto 13
	funcdef  goto 14
	classdef  goto 15
	decorated  goto 16
	expr  goto 69
	star_expr  goto 60
	xor_expr  goto 70
	and_expr  goto 71
	shift_expr  goto 72
	arith_expr  goto 73
	term  goto 74
	factor  goto 75
	power  goto 79
	atom  goto 80
	test_or_star_expr  goto 57
	test  goto 59
	not_test  goto 66
	lambdef  goto 62
	or_test  goto 61
	and_test  goto 64
	comparison  goto 68
	testlist_star_expr  goto 35
	yield_expr  goto 54
	decorator  goto 34
	test_or_star_exprs  goto 49
	decorators  goto 25

state 3
	inputs:  FILE_INPUT.file_input 
	nl_or_stmt: .    (7)

	.  reduce 7 (src line 292)

	file_input  goto 92
	nl_or_stmt  goto 93

state 4
	inputs:  EVAL_INPUT.eval_input 

	NAME  shift 84
	STRING  shift 91
	NUMBER  shift 85
	ELIPSIS  shift 87
	FALSE  shift 90
	NONE  shift 88
	TRUE  shift 89
	LAMBDA  shift 65
	NOT  shift 67
	'('  shift 81
	'['  shift 82
	'+'  shift 76
	'-'  shift 77
	'{'  shift 83
	'~'  shift 78
	.  error

	strings  goto 86
	eval_input  goto 94
	expr  goto 69
	xor_expr  goto 70
	and_expr  goto 71
	shift_expr  goto 72
	arith_expr  goto 73
	term  goto 74
	factor  goto 75
	power  goto 79
	atom  goto 80
	test  goto 97
	not_test  goto 66
	lambdef  goto 62
	or_test  goto 61
	and_test  goto 64
	comparison  goto 68
	testlist  goto 95
	tests  goto 96

state 5
	inputs:  SINGLE_INPUT single_input.    (1)

	.  reduce 1 (src line 249)


state 6
	single_input:  simple_stmt.    (4)

	.  reduce 4 (src line 266)


state 7
	single_input:  compound_stmt.NEWLINE 

	NEWLINE  shift 98
	.  error


state 8
	small_stmts:  small_stmts.';' small_stmt 
	simple_stmt:  small_stmts.optional_semicolon NEWLINE 
	optional_semicolon: .    (64)

	';'  shift 99
	.  reduce 64 (src line 605)

	optional_semicolon  goto 100

state 9
	compound_stmt:  if_stmt.    (154)

	.  reduce 154 (src line 1075)


state 10
	compound_stmt:  while_stmt.    (155)

	.  reduce 155 (src line 1080)


state 11
	compound_stmt:  for_stmt.    (156)

	.  reduce 156 (src line 1084)


state 12
	compound_stmt:  try_stmt.    (157)

	.  reduce 157 (src line 1088)


state 13
	compound_stmt:  with_stmt.    (158)

	.  reduce 158 (src line 1092)


state 14
	compound_stmt:  funcdef.    (159)

	.  reduce 159 (src line 1096)


state 15
	compound_stmt:  classdef.    (160)

	.  reduce 160 (src line 1100)


state 16
	compound_stmt:  decorated.    (161)

	.  reduce 161 (src line 1104)


state 17
	small_stmts:  small_stmt.    (66)

	.  reduce 66 (src line 607)


state 18
	if_stmt:  IF.test ':' suite elifs optional_else 

	NAME  shift 84
	STRING  shift 91
	NUMBER  shift 85
	ELIPSIS  shift 87
	FALSE  shift 90
	NONE  shift 88
	TRUE  shift 89
	LAMBDA  shift 65
	NOT  shift 67
	'('  shift 81
	'['  shift 82
	'+'  shift 76
	'-'  shift 77
	'{'  shift 83
	'~'  shift 78
	.  error

	strings  goto 86
	expr  goto 69
	xor_expr  goto 70
	and_expr  goto 71
	shift_expr  goto 72
	arith_expr  goto 73
	term  goto 74
	factor  goto 75
	power  goto 79
	atom  goto 80
	test  goto 101
	not_test  goto 66
	lambdef  goto 62
	or_test  goto 61
	and_test  goto 64
	comparison  goto 68

state 19
	while_stmt:  WHILE.test ':' suite optional_else 

	NAME  shift 84
	STRING  shift 91
	NUMBER  shift 85
	ELIPSIS  shift 87
	FALSE  shift 90
	NONE  shift 88
	TRUE  shift 89
	LAMBDA  shift 65
	NOT  shift 67
	'('  shift 81
	'['  shift 82
	'+'  shift 76
	'-'  shift 77
	'{'  shift 83
	'~'  shift 78
	.  error

	strings  goto 86
	expr  goto 69
	xor_expr  goto 70
	and_expr  goto 71
	shift_expr  goto 72
	arith_expr  goto 73
	term  goto 74
	factor  goto 75
	power  goto 79
	atom  goto 80
	test  goto 102
	not_test  goto 66
	lambdef  goto 62
	or_test  goto 61
	and_test  goto 64
	comparison  goto 68

state 20
	for_stmt:  FOR.exprlist IN testlist ':' suite optional_else 

	NAME  shift 84
	STRING  shift 91
	NUMBER  shift 85
	ELIPSIS  shift 87
	FALSE  shift 90
	NONE  shift 88
	TRUE  shift 89
	'('  shift 81
	'['  shift 82
	'+'  shift 76
	'-'  shift 77
	'*'  shift 63
	'{'  shift 83
	'~'  shift 78
	.  error

	strings  goto 86
	expr_or_star_expr  goto 105
	expr  goto 106
	star_expr  goto 107
	xor_expr  goto 70
	and_expr  goto 71
	shift_expr  goto 72
	arith_expr  goto 73
	term  goto 74
	factor  goto 75
	power  goto 79
	atom  goto 80
	exprlist  goto 103
	expr_or_star_exprs  goto 104

state 21
	try_stmt:  TRY.':' suite except_clauses 
	try_stmt:  TRY.':' suite except_clauses ELSE ':' suite 
	try_stmt:  TRY.':' suite except_clauses FINALLY ':' suite 
	try_stmt:  TRY.':' suite except_clauses ELSE ':' suite FINALLY ':' suite 

	':'  shift 108
	.  error


state 22
	with_stmt:  WITH.with_items ':' suite 

	NAME  shift 84
	STRING  shift 91
	NUMBER  shift 85
	ELIPSIS  shift 87
	FALSE  shift 90
	NONE  shift 88
	TRUE  shift 89
	LAMBDA  shift 65
	NOT  shift 67
	'('  shift 81
	'['  shift 82
	'+'  shift 76
	'-'  shift 77
	'{'  shift 83
	'~'  shift 78
	.  error

	strings  goto 86
	expr  goto 69
	xor_expr  goto 70
	and_expr  goto 71
	shift_expr  goto 72
	arith_expr  goto 73
	term  goto 74
	factor  goto 75
	power  goto 79
	atom  goto 80
	test  goto 111
	not_test  goto 66
	lambdef  goto 62
	or_test  goto 61
	and_test  goto 64
	comparison  goto 68
	with_item  goto 110
	with_items  goto 109

state 23
	funcdef:  DEF.NAME parameters optional_return_type ':' suite 

	NAME  shift 112
	.  error


state 24
	classdef:  CLASS.NAME optional_arglist_call ':' suite 

	NAME  shift 113
	.  error


state 25
	decorators:  decorators.decorator 
	decorated:  decorators.classdef_or_funcdef 

	CLASS  shift 24
	DEF  shift 23
	'@'  shift 48
	.  error

	funcdef  goto 117
	classdef  goto 116
	classdef_or_funcdef  goto 115
	decorator  goto 114

state 26
	small_stmt:  expr_stmt.    (69)

	.  reduce 69 (src line 624)


state 27
	small_stmt:  del_stmt.    (70)

	.  reduce 70 (src line 629)


state 28
	small_stmt:  pass_stmt.    (71)

	.  reduce 71 (src line 633)


state 29
	small_stmt:  flow_stmt.    (72)

	.  reduce 72 (src line 637)


state 30
	small_stmt:  import_stmt.    (73)

	.  reduce 73 (src line 641)


state 31
	small_stmt:  global_stmt.    (74)

	.  reduce 74 (src line 645)


state 32
	small_stmt:  nonlocal_stmt.    (75)

	.  reduce 75 (src line 649)


state 33
	small_stmt:  assert_stmt.    (76)

	.  reduce 76 (src line 653)


state 34
	decorators:  decorator.    (18)

	.  reduce 18 (src line 346)


state 35
	expr_stmt:  testlist_star_expr.augassign yield_expr_or_testlist 
	expr_stmt:  testlist_star_expr.equals_yield_expr_or_testlist_star_expr 
	expr_stmt:  testlist_star_expr.    (79)
	expr_stmt:  testlist_star_expr.':' test 
	expr_stmt:  testlist_star_expr.':' test '=' testlist_star_expr 

	PERCEQ  shift 125
	ANDEQ  shift 126
	STARSTAREQ  shift 131
	STAREQ  shift 123
	PLUSEQ  shift 121
	MINUSEQ  shift 122
	DIVDIVEQ  shift 132
	DIVEQ  shift 124
	LTLTEQ  shift 129
	GTGTEQ  shift 130
	HATEQ  shift 128
	PIPEEQ  shift 127
	':'  shift 120
	'='  shift 133
	.  reduce 79 (src line 695)

	augassign  goto 118
	equals_yield_expr_or_testlist_star_expr  goto 119

state 36
	del_stmt:  DEL.exprlist 

	NAME  shift 84
	STRING  shift 91
	NUMBER  shift 85
	ELIPSIS  shift 87
	FALSE  shift 90
	NONE  shift 88
	TRUE  shift 89
	'('  shift 81
	'['  shift 82
	'+'  shift 76
	'-'  shift 77
	'*'  shift 63
	'{'  shift 83
	'~'  shift 78
	.  error

	strings  goto 86
	expr_or_star_expr  goto 105
	expr  goto 106
	star_expr  goto 107
	xor_expr  goto 70
	and_expr  goto 71
	shift_expr  goto 72
	arith_expr  goto 73
	term  goto 74
	factor  goto 75
	power  goto 79
	atom  goto 80
	exprlist  goto 134
	expr_or_star_exprs  goto 104

state 37
	pass_stmt:  PASS.    (108)

	.  reduce 108 (src line 835)


state 38
	flow_stmt:  break_stmt.    (109)

	.  reduce 109 (src line 841)


state 39
	flow_stmt:  continue_stmt.    (110)

	.  reduce 110 (src line 846)


state 40
	flow_stmt:  return_stmt.    (111)

	.  reduce 111 (src line 850)


state 41
	flow_stmt:  raise_stmt.    (112)

	.  reduce 112 (src line 854)


state 42
	flow_stmt:  yield_stmt.    (113)

	.  reduce 113 (src line 858)


state 43
	import_stmt:  import_name.    (122)

	.  reduce 122 (src line 905)


state 44
	import_stmt:  import_from.    (123)

	.  reduce 123 (src line 910)


state 45
	global_stmt:  GLOBAL.names 

	NAME  shift 136
	.  error

	names  goto 135

state 46
	nonlocal_stmt:  NONLOCAL.names 

	NAME  shift 136
	.  error

	names  goto 137

state 47
	assert_stmt:  ASSERT.test 
	assert_stmt:  ASSERT.test ',' test 

	NAME  shift 84
	STRING  shift 91
	NUMBER  shift 85
	ELIPSIS  shift 87
	FALSE  shift 90
	NONE  shift 88
	TRUE  shift 89
	LAMBDA  shift 65
	NOT  shift 67
	'('  shift 81
	'['  shift 82
	'+'  shift 76
	'-'  shift 77
	'{'  shift 83
	'~'  shift 78
	.  error

	strings  goto 86
	expr  goto 69
	xor_expr  goto 70
	and_expr  goto 71
	shift_expr  goto 72
	arith_expr  goto 73
	term  goto 74
	factor  goto 75
	power  goto 79
	atom  goto 80
	test  goto 138
	not_test  goto 66
	lambdef  goto 62
	or_test  goto 61
	and_test  goto 64
	comparison  goto 68

state 48
	decorator:  '@'.dotted_name optional_arglist_call NEWLINE 

	NAME  shift 140
	.  error

	dotted_name  goto 139

state 49
	test_or_star_exprs:  test_or_star_exprs.',' test_or_star_expr 
	testlist_star_expr:  test_or_star_exprs.optional_comma 
	optional_comma: .    (92)

	','  shift 141
	.  reduce 92 (src line 762)

	optional_comma  goto 142

state 50
	break_stmt:  BREAK.    (114)

	.  reduce 114 (src line 863)


state 51
	continue_stmt:  CONTINUE.    (115)

	.  reduce 115 (src line 869)


state 52
	return_stmt:  RETURN.    (116)
	return_stmt:  RETURN.testlist 

	NAME  shift 84
	STRING  shift 91
	NUMBER  shift 85
	ELIPSIS  shift 87
	FALSE  shift 90
	NONE  shift 88
	TRUE  shift 89
	LAMBDA  shift 65
	NOT  shift 67
	'('  shift 81
	'['  shift 82
	'+'  shift 76
	'-'  shift 77
	'{'  shift 83
	'~'  shift 78
	.  reduce 116 (src line 875)

	strings  goto 86
	expr  goto 69
	xor_expr  goto 70
	and_expr  goto 71
	shift_expr  goto 72
	arith_expr  goto 73
	term  goto 74
	factor  goto 75
	power  goto 79
	atom  goto 80
	test  goto 97
	not_test  goto 66
	lambdef  goto 62
	or_test  goto 61
	and_test  goto 64
	comparison  goto 68
	testlist  goto 143
	tests  goto 96

state 53
	raise_stmt:  RAISE.    (119)
	raise_stmt:  RAISE.test 
	raise_stmt:  RAISE.test FROM test 

	NAME  shift 84
	STRING  shift 91
	NUMBER  shift 85
	ELIPSIS  shift 87
	FALSE  shift 90
	NONE  shift 88
	TRUE  shift 89
	LAMBDA  shift 65
	NOT  shift 67
	'('  shift 81
	'['  shift 82
	'+'  shift 76
	'-'  shift 77
	'{'  shift 83
	'~'  shift 78
	.  reduce 119 (src line 891)

	strings  goto 86
	expr  goto 69
	xor_expr  goto 70
	and_expr  goto 71
	shift_expr  goto 72
	arith_expr  goto 73
	term  goto 74
	factor  goto 75
	power  goto 79
	atom  goto 80
	test  goto 144
	not_test  goto 66
	lambdef  goto 62
	or_test  goto 61
	and_test  goto 64
	comparison  goto 68

state 54
	yield_stmt:  yield_expr.    (118)

	.  reduce 118 (src line 885)


state 55
	import_name:  IMPORT.dotted_as_names 

	NAME  shift 140
	.  error

	dotted_name  goto 147
	dotted_as_name  goto 146
	dotted_as_names  goto 145

state 56
	import_from:  FROM.from_arg IMPORT import_from_arg 

	NAME  shift 140
	ELIPSIS  shift 153
	'.'  shift 152
	.  error

	dot  goto 151
	dots  goto 150
	dotted_name  goto 149
	from_arg  goto 148

state 57
	test_or_star_exprs:  test_or_star_expr.    (88)

	.  reduce 88 (src line 741)


state 58
	yield_expr:  YIELD.    (310)
	yield_expr:  YIELD.FROM test 
	yield_expr:  YIELD.testlist 

	NAME  shift 84
	STRING  shift 91
	NUMBER  shift 85
	ELIPSIS  shift 87
	FALSE  shift 90
	NONE  shift 88
	TRUE  shift 89
	FROM  shift 154
	LAMBDA  shift 65
	NOT  shift 67
	'('  shift 81
	'['  shift 82
	'+'  shift 76
	'-'  shift 77
	'{'  shift 83
	'~'  shift 78
	.  reduce 310 (src line 1988)

	strings  goto 86
	expr  goto 69
	xor_expr  goto 70
	and_expr  goto 71
	shift_expr  goto 72
	arith_expr  goto 73
	term  goto 74
	factor  goto 75
	power  goto 79
	atom  goto 80
	test  goto 97
	not_test  goto 66
	lambdef  goto 62
	or_test  goto 61
	and_test  goto 64
	comparison  goto 68
	testlist  goto 155
	tests  goto 96

state 59
	test_or_star_expr:  test.    (90)

	.  reduce 90 (src line 752)


state 60
	test_or_star_expr:  star_expr.    (91)

	.  reduce 91 (src line 757)


state 61
	test:  or_test.    (187)
	test:  or_test.IF or_test ELSE test 
	or_test:  or_test.OR and_test 

	IF  shift 156
	OR  shift 157
	.  reduce 187 (src line 1266)


state 62
	test:  lambdef.    (189)

	.  reduce 189 (src line 1275)


state 63
	star_expr:  '*'.expr 

	NAME  shift 84
	STRING  shift 91
	NUMBER  shift 85
	ELIPSIS  shift 87
	FALSE  shift 90
	NONE  shift 88
	TRUE  shift 89
	'('  shift 81
	'['  shift 82
	'+'  shift 76
	'-'  shift 77
	'{'  shift 83
	'~'  shift 78
	.  error

	strings  goto 86
	expr  goto 158
	xor_expr  goto 70
	and_expr  goto 71
	shift_expr  goto 72
	arith_expr  goto 73
	term  goto 74
	factor  goto 75
	power  goto 79
	atom  goto 80

state 64
	or_test:  and_test.    (196)
	and_test:  and_test.AND not_test 

	AND  shift 159
	.  reduce 196 (src line 1312)


state 65
	lambdef:  LAMBDA.':' test 
	lambdef:  LAMBDA.varargslist ':' test 

	NAME  shift 167
	STARSTAR  shift 164
	':'  shift 160
	'*'  shift 163
	.  error

	vfpdeftest  goto 165
	vfpdef  goto 166
	vfpdeftests1  goto 162
	varargslist  goto 161

state 66
	and_test:  not_test.    (198)

	.  reduce 198 (src line 1329)


state 67
	not_test:  NOT.not_test 

	NAME  shift 84
	STRING  shift 91
	NUMBER  shift 85
	ELIPSIS  shift 87
	FALSE  shift 90
	NONE  shift 88
	TRUE  shift 89
	NOT  shift 67
	'('  shift 81
	'['  shift 82
	'+'  shift 76
	'-'  shift 77
	'{'  shift 83
	'~'  shift 78
	.  error

	strings  goto 86
	expr  goto 69
	xor_expr  goto 70
	and_expr  goto 71
	shift_expr  goto 72
	arith_expr  goto 73
	term  goto 74
	factor  goto 75
	power  goto 79
	atom  goto 80
	not_test  goto 168
	comparison  goto 68

state 68
	not_test:  comparison.    (201)
	comparison:  comparison.comp_op expr 

	PLINGEQ  shift 176
	LTEQ  shift 174
	LTGT  shift 175
	EQEQ  shift 172
	GTEQ  shift 173
	IN  shift 177
	IS  shift 179
	NOT  shift 178
	'<'  shift 170
	'>'  shift 171
	.  reduce 201 (src line 1351)

	comp_op  goto 169

state 69
	comparison:  expr.    (202)
	expr:  expr.'|' xor_expr 

	'|'  shift 180
	.  reduce 202 (src line 1356)


state 70
	expr:  xor_expr.    (216)
	xor_expr:  xor_expr.'^' and_expr 

	'^'  shift 181
	.  reduce 216 (src line 1428)


state 71
	xor_expr:  and_expr.    (218)
	and_expr:  and_expr.'&' shift_expr 

	'&'  shift 182
	.  reduce 218 (src line 1438)


state 72
	and_expr:  shift_expr.    (220)
	shift_expr:  shift_expr.LTLT arith_expr 
	shift_expr:  shift_expr.GTGT arith_expr 

	LTLT  shift 183
	GTGT  shift 184
	.  reduce 220 (src line 1448)


state 73
	shift_expr:  arith_expr.    (222)
	arith_expr:  arith_expr.'+' term 
	arith_expr:  arith_expr.'-' term 

	'+'  shift 185
	'-'  shift 186
	.  reduce 222 (src line 1458)


state 74
	arith_expr:  term.    (225)
	term:  term.'*' factor 
	term:  term.'/' factor 
	term:  term.'%' factor 
	term:  term.DIVDIV factor 

	DIVDIV  shift 190
	'*'  shift 187
	'/'  shift 188
	'%'  shift 189
	.  reduce 225 (src line 1472)


state 75
	term:  factor.    (228)

	.  reduce 228 (src line 1486)


state 76
	factor:  '+'.factor 

	NAME  shift 84
	STRING  shift 91
	NUMBER  shift 85
	ELIPSIS  shift 87
	FALSE  shift 90
	NONE  shift 88
	TRUE  shift 89
	'('  shift 81
	'['  shift 82
	'+'  shift 76
	'-'  shift 77
	'{'  shift 83
	'~'  shift 78
	.  error

	strings  goto 86
	factor  goto 191
	power  goto 79
	atom  goto 80

state 77
	factor:  '-'.factor 

	NAME  shift 84
	STRING  shift 91
	NUMBER  shift 85
	ELIPSIS  shift 87
	FALSE  shift 90
	NONE  shift 88
	TRUE  shift 89
	'('  shift 81
	'['  shift 82
	'+'  shift 76
	'-'  shift 77
	'{'  shift 83
	'~'  shift 78
	.  error

	strings  goto 86
	factor  goto 192
	power  goto 79
	atom  goto 80

state 78
	factor:  '~'.factor 

	NAME  shift 84
	STRING  shift 91
	NUMBER  shift 85
	ELIPSIS  shift 87
	FALSE  shift 90
	NONE  shift 88
	TRUE  shift 89
	'('  shift 81
	'['  shift 82
	'+'  shift 76
	'-'  shift 77
	'{'  shift 83
	'~'  shift 78
	.  error

	strings  goto 86
	factor  goto 193
	power  goto 79
	atom  goto 80

state 79
	factor:  power.    (236)

	.  reduce 236 (src line 1521)


state 80
	power:  atom.trailers 
	power:  atom.trailers STARSTAR factor 
	trailers: .    (239)

	.  reduce 239 (src line 1537)

	trailers  goto 194

state 81
	atom:  '('.')' 
	atom:  '('.yield_expr ')' 
	atom:  '('.test_or_star_expr comp_for ')' 
	atom:  '('.test_or_star_exprs optional_comma ')' 

	NAME  shift 84
	STRING  shift 91
	NUMBER  shift 85
	ELIPSIS  shift 87
	FALSE  shift 90
	NONE  shift 88
	TRUE  shift 89
	LAMBDA  shift 65
	NOT  shift 67
	YIELD  shift 58
	'('  shift 81
	')'  shift 195
	'['  shift 82
	'+'  shift 76
	'-'  shift 77
	'*'  shift 63
	'{'  shift 83
	'~'  shift 78
	.  error

	strings  goto 86
	expr  goto 69
	star_expr  goto 60
	xor_expr  goto 70
	and_expr  goto 71
	shift_expr  goto 72
	arith_expr  goto 73
	term  goto 74
	factor  goto 75
	power  goto 79
	atom  goto 80
	test_or_star_expr  goto 197
	test  goto 59
	not_test  goto 66
	lambdef  goto 62
	or_test  goto 61
	and_test  goto 64
	comparison  goto 68
	yield_expr  goto 196
	test_or_star_exprs  goto 198

state 82
	atom:  '['.']' 
	atom:  '['.test_or_star_expr comp_for ']' 
	atom:  '['.test_or_star_exprs optional_comma ']' 

	NAME  shift 84
	STRING  shift 91
	NUMBER  shift 85
	ELIPSIS  shift 87
	FALSE  shift 90
	NONE  shift 88
	TRUE  shift 89
	LAMBDA  shift 65
	NOT  shift 67
	'('  shift 81
	'['  shift 82
	']'  shift 199
	'+'  shift 76
	'-'  shift 77
	'*'  shift 63
	'{'  shift 83
	'~'  shift 78
	.  error

	strings  goto 86
	expr  goto 69
	star_expr  goto 60
	xor_expr  goto 70
	and_expr  goto 71
	shift_expr  goto 72
	arith_expr  goto 73
	term  goto 74
	factor  goto 75
	power  goto 79
	atom  goto 80
	test_or_star_expr  goto 200
	test  goto 59
	not_test  goto 66
	lambdef  goto 62
	or_test  goto 61
	and_test  goto 64
	comparison  goto 68
	test_or_star_exprs  goto 201

state 83
	atom:  '{'.'}' 
	atom:  '{'.dictorsetmaker '}' 

	NAME  shift 84
	STRING  shift 91
	NUMBER  shift 85
	ELIPSIS  shift 87
	FALSE  shift 90
	NONE  shift 88
	TRUE  shift 89
	LAMBDA  shift 65
	NOT  shift 67
	'('  shift 81
	'['  shift 82
	'+'  shift 76
	'-'  shift 77
	'{'  shift 83
	'}'  shift 202
	'~'  shift 78
	.  error

	strings  goto 86
	expr  goto 69
	xor_expr  goto 70
	and_expr  goto 71
	shift_expr  goto 72
	arith_expr  goto 73
	term  goto 74
	factor  goto 75
	power  goto 79
	atom  goto 80
	test  goto 205
	not_test  goto 66
	lambdef  goto 62
	or_test  goto 61
	and_test  goto 64
	comparison  goto 68
	dictorsetmaker  goto 203
	testlistraw  goto 206
	tests  goto 207
	test_colon_tests  goto 204

state 84
	atom:  NAME.    (252)

	.  reduce 252 (src line 1608)


state 85
	atom:  NUMBER.    (253)

	.  reduce 253 (src line 1612)


state 86
	strings:  strings.STRING 
	atom:  strings.    (254)

	STRING  shift 208
	.  reduce 254 (src line 1616)


state 87
	atom:  ELIPSIS.    (255)

	.  reduce 255 (src line 1629)


state 88
	atom:  NONE.    (256)

	.  reduce 256 (src line 1633)


state 89
	atom:  TRUE.    (257)

	.  reduce 257 (src line 1637)


state 90
	atom:  FALSE.    (258)

	.  reduce 258 (src line 1641)


state 91
	strings:  STRING.    (241)

	.  reduce 241 (src line 1546)


state 92
	inputs:  FILE_INPUT file_input.    (2)

	.  reduce 2 (src line 255)


state 93
	file_input:  nl_or_stmt.ENDMARKER 
	nl_or_stmt:  nl_or_stmt.NEWLINE 
	nl_or_stmt:  nl_or_stmt.stmt 

	NEWLINE  shift 210
	ENDMARKER  shift 209
	NAME  shift 84
	STRING  shift 91
	NUMBER  shift 85
	ELIPSIS  shift 87
	FALSE  shift 90
	NONE  shift 88
	TRUE  shift 89
	ASSERT  shift 47
	BREAK  shift 50
	CLASS  shift 24
	CONTINUE  shift 51
	DEF  shift 23
	DEL  shift 36
	FOR  shift 20
	FROM  shift 56
	GLOBAL  shift 45
	IF  shift 18
	IMPORT  shift 55
	LAMBDA  shift 65
	NONLOCAL  shift 46
	NOT  shift 67
	PASS  shift 37
	RAISE  shift 53
	RETURN  shift 52
	TRY  shift 21
	WHILE  shift 19
	WITH  shift 22
	YIELD  shift 58
	'('  shift 81
	'['  shift 82
	'+'  shift 76
	'-'  shift 77
	'*'  shift 63
	'{'  shift 83
	'~'  shift 78
	'@'  shift 48
	.  error

	strings  goto 86
	simple_stmt  goto 212
	stmt  goto 211
	small_stmts  goto 8
	compound_stmt  goto 213
	small_stmt  goto 17
	expr_stmt  goto 26
	del_stmt  goto 27
	pass_stmt  goto 28
	flow_stmt  goto 29
	import_stmt  goto 30
	global_stmt  goto 31
	nonlocal_stmt  goto 32
	assert_stmt  goto 33
	break_stmt  goto 38
	continue_stmt  goto 39
	return_stmt  goto 40
	raise_stmt  goto 41
	yield_stmt  goto 42
	import_name  goto 43
	import_from  goto 44
	while_stmt  goto 10
	if_stmt  goto 9
	for_stmt  goto 11
	try_stmt  goto 12
	with_stmt  goto 13
	funcdef  goto 14
	classdef  goto 15
	decorated  goto 16
	expr  goto 69
	star_expr  goto 60
	xor_expr  goto 70
	and_expr  goto 71
	shift_expr  goto 72
	arith_expr  goto 73
	term  goto 74
	factor  goto 75
	power  goto 79
	atom  goto 80
	test_or_star_expr  goto 57
	test  goto 59
	not_test  goto 66
	lambdef  goto 62
	or_test  goto 61
	and_test  goto 64
	comparison  goto 68
	testlist_star_expr  goto 35
	yield_expr  goto 54
	decorator  goto 34
	test_or_star_exprs  goto 49
	decorators  goto 25

state 94
	inputs:  EVAL_INPUT eval_input.    (3)

	.  reduce 3 (src line 260)


state 95
	eval_input:  testlist.nls ENDMARKER 
	nls: .    (11)

	.  reduce 11 (src line 312)

	nls  goto 214

state 96
	tests:  tests.',' test 
	testlist:  tests.optional_comma 
	optional_comma: .    (92)

	','  shift 215
	.  reduce 92 (src line 762)

	optional_comma  goto 216

state 97
	tests:  test.    (150)

	.  reduce 150 (src line 1054)


state 98
	single_input:  compound_stmt NEWLINE.    (5)

	.  reduce 5 (src line 278)


state 99
	optional_semicolon:  ';'.    (65)
	small_stmts:  small_stmts ';'.small_stmt 

	NAME  shift 84
	STRING  shift 91
	NUMBER  shift 85
	ELIPSIS  shift 87
	FALSE  shift 90
	NONE  shift 88
	TRUE  shift 89
	ASSERT  shift 47
	BREAK  shift 50
	CONTINUE  shift 51
	DEL  shift 36
	FROM  shift 56
	GLOBAL  shift 45
	IMPORT  shift 55
	LAMBDA  shift 65
	NONLOCAL  shift 46
	NOT  shift 67
	PASS  shift 37
	RAISE  shift 53
	RETURN  shift 52
	YIELD  shift 58
	'('  shift 81
	'['  shift 82
	'+'  shift 76
	'-'  shift 77
	'*'  shift 63
	'{'  shift 83
	'~'  shift 78
	.  reduce 65 (src line 605)

	strings  goto 86
	small_stmt  goto 217
	expr_stmt  goto 26
	del_stmt  goto 27
	pass_stmt  goto 28
	flow_stmt  goto 29
	import_stmt  goto 30
	global_stmt  goto 31
	nonlocal_stmt  goto 32
	assert_stmt  goto 33
	break_stmt  goto 38
	continue_stmt  goto 39
	return_stmt  goto 40
	raise_stmt  goto 41
	yield_stmt  goto 42
	import_name  goto 43
	import_from  goto 44
	expr  goto 69
	star_expr  goto 60
	xor_expr  goto 70
	and_expr  goto 71
	shift_expr  goto 72
	arith_expr  goto 73
	term  goto 74
	factor  goto 75
	power  goto 79
	atom  goto 80
	test_or_star_expr  goto 57
	test  goto 59
	not_test  goto 66
	lambdef  goto 62
	or_test  goto 61
	and_test  goto 64
	comparison  goto 68
	testlist_star_expr  goto 35
	yield_expr  goto 54
	test_or_star_exprs  goto 49

state 100
	simple_stmt:  small_stmts optional_semicolon.NEWLINE 

	NEWLINE  shift 218
	.  error


state 101
	if_stmt:  IF test.':' suite elifs optional_else 

	':'  shift 219
	.  error


state 102
	while_stmt:  WHILE test.':' suite optional_else 

	':'  shift 220
	.  error


state 103
	for_stmt:  FOR exprlist.IN testlist ':' suite optional_else 

	IN  shift 221
	.  error


state 104
	expr_or_star_exprs:  expr_or_star_exprs.',' expr_or_star_expr 
	exprlist:  expr_or_star_exprs.optional_comma 
	optional_comma: .    (92)

	','  shift 222
	.  reduce 92 (src line 762)

	optional_comma  goto 223

state 105
	expr_or_star_exprs:  expr_or_star_expr.    (279)

	.  reduce 279 (src line 1764)


state 106
	expr:  expr.'|' xor_expr 
	expr_or_star_expr:  expr.    (277)

	'|'  shift 180
	.  reduce 277 (src line 1754)


state 107
	expr_or_star_expr:  star_expr.    (278)

	.  reduce 278 (src line 1759)


state 108
	try_stmt:  TRY ':'.suite except_clauses 
	try_stmt:  TRY ':'.suite except_clauses ELSE ':' suite 
	try_stmt:  TRY ':'.suite except_clauses FINALLY ':' suite 
	try_stmt:  TRY ':'.suite except_clauses ELSE ':' suite FINALLY ':' suite 

	NEWLINE  shift 226
	NAME  shift 84
	STRING  shift 91
	NUMBER  shift 85
	ELIPSIS  shift 87
	FALSE  shift 90
	NONE  shift 88
	TRUE  shift 89
	ASSERT  shift 47
	BREAK  shift 50
	CONTINUE  shift 51
	DEL  shift 36
	FROM  shift 56
	GLOBAL  shift 45
	IMPORT  shift 55
	LAMBDA  shift 65
	NONLOCAL  shift 46
	NOT  shift 67
	PASS  shift 37
	RAISE  shift 53
	RETURN  shift 52
	YIELD  shift 58
	'('  shift 81
	'['  shift 82
	'+'  shift 76
	'-'  shift 77
	'*'  shift 63
	'{'  shift 83
	'~'  shift 78
	.  error

	strings  goto 86
	simple_stmt  goto 225
	small_stmts  goto 8
	suite  goto 224
	small_stmt  goto 17
	expr_stmt  goto 26
	del_stmt  goto 27
	pass_stmt  goto 28
	flow_stmt  goto 29
	import_stmt  goto 30
	global_stmt  goto 31
	nonlocal_stmt  goto 32
	assert_stmt  goto 33
	break_stmt  goto 38
	continue_stmt  goto 39
	return_stmt  goto 40
	raise_stmt  goto 41
	yield_stmt  goto 42
	import_name  goto 43
	import_from  goto 44
	expr  goto 69
	star_expr  goto 60
	xor_expr  goto 70
	and_expr  goto 71
	shift_expr  goto 72
	arith_expr  goto 73
	term  goto 74
	factor  goto 75
	power  goto 79
	atom  goto 80
	test_or_star_expr  goto 57
	test  goto 59
	not_test  goto 66
	lambdef  goto 62
	or_test  goto 61
	and_test  goto 64
	comparison  goto 68
	testlist_star_expr  goto 35
	yield_expr  goto 54
	test_or_star_exprs  goto 49

state 109
	with_items:  with_items.',' with_item 
	with_stmt:  WITH with_items.':' suite 

	':'  shift 228
	','  shift 227
	.  error


state 110
	with_items:  with_item.    (175)

	.  reduce 175 (src line 1198)


state 111
	with_item:  test.    (178)
	with_item:  test.AS expr 

	AS  shift 229
	.  reduce 178 (src line 1215)


state 112
	funcdef:  DEF NAME.parameters optional_return_type ':' suite 

	'('  shift 231
	.  error

	parameters  goto 230

state 113
	classdef:  CLASS NAME.optional_arglist_call ':' suite 
	optional_arglist_call: .    (15)

	'('  shift 233
	.  reduce 15 (src line 324)

	optional_arglist_call  goto 232

state 114
	decorators:  decorators decorator.    (19)

	.  reduce 19 (src line 352)


state 115
	decorated:  decorators classdef_or_funcdef.    (22)

	.  reduce 22 (src line 367)


state 116
	classdef_or_funcdef:  classdef.    (20)

	.  reduce 20 (src line 357)


state 117
	classdef_or_funcdef:  funcdef.    (21)

	.  reduce 21 (src line 362)


state 118
	expr_stmt:  testlist_star_expr augassign.yield_expr_or_testlist 

	NAME  shift 84
	STRING  shift 91
	NUMBER  shift 85
	ELIPSIS  shift 87
	FALSE  shift 90
	NONE  shift 88
	TRUE  shift 89
	LAMBDA  shift 65
	NOT  shift 67
	YIELD  shift 58
	'('  shift 81
	'['  shift 82
	'+'  shift 76
	'-'  shift 77
	'{'  shift 83
	'~'  shift 78
	.  error

	strings  goto 86
	expr  goto 69
	xor_expr  goto 70
	and_expr  goto 71
	shift_expr  goto 72
	arith_expr  goto 73
	term  goto 74
	factor  goto 75
	power  goto 79
	atom  goto 80
	test  goto 97
	not_test  goto 66
	lambdef  goto 62
	or_test  goto 61
	and_test  goto 64
	comparison  goto 68
	testlist  goto 236
	yield_expr_or_testlist  goto 234
	yield_expr  goto 235
	tests  goto 96

state 119
	expr_stmt:  testlist_star_expr equals_yield_expr_or_testlist_star_expr.    (78)
	equals_yield_expr_or_testlist_star_expr:  equals_yield_expr_or_testlist_star_expr.'=' yield_expr_or_testlist_star_expr 

	'='  shift 237
	.  reduce 78 (src line 686)


state 120
	expr_stmt:  testlist_star_expr ':'.test 
	expr_stmt:  testlist_star_expr ':'.test '=' testlist_star_expr 

	NAME  shift 84
	STRING  shift 91
	NUMBER  shift 85
	ELIPSIS  shift 87
	FALSE  shift 90
	NONE  shift 88
	TRUE  shift 89
	LAMBDA  shift 65
	NOT  shift 67
	'('  shift 81
	'['  shift 82
	'+'  shift 76
	'-'  shift 77
	'{'  shift 83
	'~'  shift 78
	.  error

	strings  goto 86
	expr  goto 69
	xor_expr  goto 70
	and_expr  goto 71
	shift_expr  goto 72
	arith_expr  goto 73
	term  goto 74
	factor  goto 75
	power  goto 79
	atom  goto 80
	test  goto 238
	not_test  goto 66
	lambdef  goto 62
	or_test  goto 61
	and_test  goto 64
	comparison  goto 68

state 121
	augassign:  PLUSEQ.    (95)

	.  reduce 95 (src line 777)


state 122
	augassign:  MINUSEQ.    (96)

	.  reduce 96 (src line 782)


state 123
	augassign:  STAREQ.    (97)

	.  reduce 97 (src line 786)


state 124
	augassign:  DIVEQ.    (98)

	.  reduce 98 (src line 790)


state 125
	augassign:  PERCEQ.    (99)

	.  reduce 99 (src line 794)


state 126
	augassign:  ANDEQ.    (100)

	.  reduce 100 (src line 798)


state 127
	augassign:  PIPEEQ.    (101)

	.  reduce 101 (src line 802)


state 128
	augassign:  HATEQ.    (102)

	.  reduce 102 (src line 806)


state 129
	augassign:  LTLTEQ.    (103)

	.  reduce 103 (src line 810)


state 130
	augassign:  GTGTEQ.    (104)

	.  reduce 104 (src line 814)


state 131
	augassign:  STARSTAREQ.    (105)

	.  reduce 105 (src line 818)


state 132
	augassign:  DIVDIVEQ.    (106)

	.  reduce 106 (src line 822)


state 133
	equals_yield_expr_or_testlist_star_expr:  '='.yield_expr_or_testlist_star_expr 

	NAME  shift 84
	STRING  shift 91
	NUMBER  shift 85
	ELIPSIS  shift 87
	FALSE  shift 90
	NONE  shift 88
	TRUE  shift 89
	LAMBDA  shift 65
	NOT  shift 67
	YIELD  shift 58
	'('  shift 81
	'['  shift 82
	'+'  shift 76
	'-'  shift 77
	'*'  shift 63
	'{'  shift 83
	'~'  shift 78
	.  error

	strings  goto 86
	expr  goto 69
	star_expr  goto 60
	xor_expr  goto 70
	and_expr  goto 71
	shift_expr  goto 72
	arith_expr  goto 73
	term  goto 74
	factor  goto 75
	power  goto 79
	atom  goto 80
	test_or_star_expr  goto 57
	test  goto 59
	not_test  goto 66
	lambdef  goto 62
	or_test  goto 61
	and_test  goto 64
	comparison  goto 68
	testlist_star_expr  goto 241
	yield_expr  goto 240
	yield_expr_or_testlist_star_expr  goto 239
	test_or_star_exprs  goto 49

state 134
	del_stmt:  DEL exprlist.    (107)

	.  reduce 107 (src line 828)


state 135
	names:  names.',' NAME 
	global_stmt:  GLOBAL names.    (148)

	','  shift 242
	.  reduce 148 (src line 1042)


state 136
	names:  NAME.    (146)

	.  reduce 146 (src line 1031)


state 137
	names:  names.',' NAME 
	nonlocal_stmt:  NONLOCAL names.    (149)

	','  shift 242
	.  reduce 149 (src line 1048)


state 138
	assert_stmt:  ASSERT test.    (152)
	assert_stmt:  ASSERT test.',' test 

	','  shift 243
	.  reduce 152 (src line 1065)


state 139
	decorator:  '@' dotted_name.optional_arglist_call NEWLINE 
	dotted_name:  dotted_name.'.' NAME 
	optional_arglist_call: .    (15)

	'('  shift 233
	'.'  shift 245
	.  reduce 15 (src line 324)

	optional_arglist_call  goto 244

state 140
	dotted_name:  NAME.    (144)

	.  reduce 144 (src line 1021)


state 141
	test_or_star_exprs:  test_or_star_exprs ','.test_or_star_expr 
	optional_comma:  ','.    (93)

	NAME  shift 84
	STRING  shift 91
	NUMBER  shift 85
	ELIPSIS  shift 87
	FALSE  shift 90
	NONE  shift 88
	TRUE  shift 89
	LAMBDA  shift 65
	NOT  shift 67
	'('  shift 81
	'['  shift 82
	'+'  shift 76
	'-'  shift 77
	'*'  shift 63
	'{'  shift 83
	'~'  shift 78
	.  reduce 93 (src line 766)

	strings  goto 86
	expr  goto 69
	star_expr  goto 60
	xor_expr  goto 70
	and_expr  goto 71
	shift_expr  goto 72
	arith_expr  goto 73
	term  goto 74
	factor  goto 75
	power  goto 79
	atom  goto 80
	test_or_star_expr  goto 246
	test  goto 59
	not_test  goto 66
	lambdef  goto 62
	or_test  goto 61
	and_test  goto 64
	comparison  goto 68

state 142
	testlist_star_expr:  test_or_star_exprs optional_comma.    (94)

	.  reduce 94 (src line 771)


state 143
	return_stmt:  RETURN testlist.    (117)

	.  reduce 117 (src line 880)


state 144
	raise_stmt:  RAISE test.    (120)
	raise_stmt:  RAISE test.FROM test 

	FROM  shift 247
	.  reduce 120 (src line 896)


state 145
	import_name:  IMPORT dotted_as_names.    (124)
	dotted_as_names:  dotted_as_names.',' dotted_as_name 

	','  shift 248
	.  reduce 124 (src line 915)


state 146
	dotted_as_names:  dotted_as_name.    (142)

	.  reduce 142 (src line 1010)


state 147
	dotted_as_name:  dotted_name.    (138)
	dotted_as_name:  dotted_name.AS NAME 
	dotted_name:  dotted_name.'.' NAME 

	AS  shift 249
	'.'  shift 245
	.  reduce 138 (src line 989)


state 148
	import_from:  FROM from_arg.IMPORT import_from_arg 

	IMPORT  shift 250
	.  error


state 149
	from_arg:  dotted_name.    (129)
	dotted_name:  dotted_name.'.' NAME 

	'.'  shift 245
	.  reduce 129 (src line 942)


state 150
	dots:  dots.dot 
	from_arg:  dots.dotted_name 
	from_arg:  dots.    (131)

	NAME  shift 140
	ELIPSIS  shift 153
	'.'  shift 152
	.  reduce 131 (src line 953)

	dot  goto 251
	dotted_name  goto 252

state 151
	dots:  dot.    (127)

	.  reduce 127 (src line 932)


state 152
	dot:  '.'.    (125)

	.  reduce 125 (src line 922)


state 153
	dot:  ELIPSIS.    (126)

	.  reduce 126 (src line 927)


state 154
	yield_expr:  YIELD FROM.test 

	NAME  shift 84
	STRING  shift 91
	NUMBER  shift 85
	ELIPSIS  shift 87
	FALSE  shift 90
	NONE  shift 88
	TRUE  shift 89
	LAMBDA  shift 65
	NOT  shift 67
	'('  shift 81
	'['  shift 82
	'+'  shift 76
	'-'  shift 77
	'{'  shift 83
	'~'  shift 78
	.  error

	strings  goto 86
	expr  goto 69
	xor_expr  goto 70
	and_expr  goto 71
	shift_expr  goto 72
	arith_expr  goto 73
	term  goto 74
	factor  goto 75
	power  goto 79
	atom  goto 80
	test  goto 253
	not_test  goto 66
	lambdef  goto 62
	or_test  goto 61
	and_test  goto 64
	comparison  goto 68

state 155
	yield_expr:  YIELD testlist.    (312)

	.  reduce 312 (src line 1997)


state 156
	test:  or_test IF.or_test ELSE test 

	NAME  shift 84
	STRING  shift 91
	NUMBER  shift 85
	ELIPSIS  shift 87
	FALSE  shift 90
	NONE  shift 88
	TRUE  shift 89
	NOT  shift 67
	'('  shift 81
	'['  shift 82
	'+'  shift 76
	'-'  shift 77
	'{'  shift 83
	'~'  shift 78
	.  error

	strings  goto 86
	expr  goto 69
	xor_expr  goto 70
	and_expr  goto 71
	shift_expr  goto 72
	arith_expr  goto 73
	term  goto 74
	factor  goto 75
	power  goto 79
	atom  goto 80
	not_test  goto 66
	or_test  goto 254
	and_test  goto 64
	comparison  goto 68

state 157
	or_test:  or_test OR.and_test 

	NAME  shift 84
	STRING  shift 91
	NUMBER  shift 85
	ELIPSIS  shift 87
	FALSE  shift 90
	NONE  shift 88
	TRUE  shift 89
	NOT  shift 67
	'('  shift 81
	'['  shift 82
	'+'  shift 76
	'-'  shift 77
	'{'  shift 83
	'~'  shift 78
	.  error

	strings  goto 86
	expr  goto 69
	xor_expr  goto 70
	and_expr  goto 71
	shift_expr  goto 72
	arith_expr  goto 73
	term  goto 74
	factor  goto 75
	power  goto 79
	atom  goto 80
	not_test  goto 66
	and_test  goto 255
	comparison  goto 68

state 158
	star_expr:  '*' expr.    (215)
	expr:  expr.'|' xor_expr 

	'|'  shift 180
	.  reduce 215 (src line 1422)


state 159
	and_test:  and_test AND.not_test 

	NAME  shift 84
	STRING  shift 91
	NUMBER  shift 85
	ELIPSIS  shift 87
	FALSE  shift 90
	NONE  shift 88
	TRUE  shift 89
	NOT  shift 67
	'('  shift 81
	'['  shift 82
	'+'  shift 76
	'-'  shift 77
	'{'  shift 83
	'~'  shift 78
	.  error

	strings  goto 86
	expr  goto 69
	xor_expr  goto 70
	and_expr  goto 71
	shift_expr  goto 72
	arith_expr  goto 73
	term  goto 74
	factor  goto 75
	power  goto 79
	atom  goto 80
	not_test  goto 256
	comparison  goto 68

state 160
	lambdef:  LAMBDA ':'.test 

	NAME  shift 84
	STRING  shift 91
	NUMBER  shift 85
	ELIPSIS  shift 87
	FALSE  shift 90
	NONE  shift 88
	TRUE  shift 89
	LAMBDA  shift 65
	NOT  shift 67
	'('  shift 81
	'['  shift 82
	'+'  shift 76
	'-'  shift 77
	'{'  shift 83
	'~'  shift 78
	.  error

	strings  goto 86
	expr  goto 69
	xor_expr  goto 70
	and_expr  goto 71
	shift_expr  goto 72
	arith_expr  goto 73
	term  goto 74
	factor  goto 75
	power  goto 79
	atom  goto 80
	test  goto 257
	not_test  goto 66
	lambdef  goto 62
	or_test  goto 61
	and_test  goto 64
	comparison  goto 68

state 161
	lambdef:  LAMBDA varargslist.':' test 

	':'  shift 258
	.  error


state 162
	vfpdeftests1:  vfpdeftests1.',' vfpdeftest 
	varargslist:  vfpdeftests1.optional_comma 
	varargslist:  vfpdeftests1.',' '*' optional_vfpdef vfpdeftests 
	varargslist:  vfpdeftests1.',' '*' optional_vfpdef vfpdeftests ',' STARSTAR vfpdef 
	varargslist:  vfpdeftests1.',' STARSTAR vfpdef 
	optional_comma: .    (92)

	','  shift 259
	.  reduce 92 (src line 762)

	optional_comma  goto 260

state 163
	varargslist:  '*'.optional_vfpdef vfpdeftests 
	varargslist:  '*'.optional_vfpdef vfpdeftests ',' STARSTAR vfpdef 
	optional_vfpdef: .    (52)

	NAME  shift 167
	.  reduce 52 (src line 549)

	vfpdef  goto 262
	optional_vfpdef  goto 261

state 164
	varargslist:  STARSTAR.vfpdef 

	NAME  shift 167
	.  error

	vfpdef  goto 263

state 165
	vfpdeftests1:  vfpdeftest.    (50)

	.  reduce 50 (src line 531)


state 166
	vfpdeftest:  vfpdef.    (46)
	vfpdeftest:  vfpdef.'=' test 

	'='  shift 264
	.  reduce 46 (src line 506)


state 167
	vfpdef:  NAME.    (61)

	.  reduce 61 (src line 589)


state 168
	not_test:  NOT not_test.    (200)

	.  reduce 200 (src line 1346)


state 169
	comparison:  comparison comp_op.expr 

	NAME  shift 84
	STRING  shift 91
	NUMBER  shift 85
	ELIPSIS  shift 87
	FALSE  shift 90
	NONE  shift 88
	TRUE  shift 89
	'('  shift 81
	'['  shift 82
	'+'  shift 76
	'-'  shift 77
	'{'  shift 83
	'~'  shift 78
	.  error

	strings  goto 86
	expr  goto 265
	xor_expr  goto 70
	and_expr  goto 71
	shift_expr  goto 72
	arith_expr  goto 73
	term  goto 74
	factor  goto 75
	power  goto 79
	atom  goto 80

state 170
	comp_op:  '<'.    (204)

	.  reduce 204 (src line 1376)


state 171
	comp_op:  '>'.    (205)

	.  reduce 205 (src line 1381)


state 172
	comp_op:  EQEQ.    (206)

	.  reduce 206 (src line 1385)


state 173
	comp_op:  GTEQ.    (207)

	.  reduce 207 (src line 1389)


state 174
	comp_op:  LTEQ.    (208)

	.  reduce 208 (src line 1393)


state 175
	comp_op:  LTGT.    (209)

	.  reduce 209 (src line 1397)


state 176
	comp_op:  PLINGEQ.    (210)

	.  reduce 210 (src line 1401)


state 177
	comp_op:  IN.    (211)

	.  reduce 211 (src line 1405)


state 178
	comp_op:  NOT.IN 

	IN  shift 266
	.  error


state 179
	comp_op:  IS.    (213)
	comp_op:  IS.NOT 

	NOT  shift 267
	.  reduce 213 (src line 1413)


state 180
	expr:  expr '|'.xor_expr 

	NAME  shift 84
	STRING  shift 91
	NUMBER  shift 85
	ELIPSIS  shift 87
	FALSE  shift 90
	NONE  shift 88
	TRUE  shift 89
	'('  shift 81
	'['  shift 82
	'+'  shift 76
	'-'  shift 77
	'{'  shift 83
	'~'  shift 78
	.  error

	strings  goto 86
	xor_expr  goto 268
	and_expr  goto 71
	shift_expr  goto 72
	arith_expr  goto 73
	term  goto 74
	factor  goto 75
	power  goto 79
	atom  goto 80

state 181
	xor_expr:  xor_expr '^'.and_expr 

	NAME  shift 84
	STRING  shift 91
	NUMBER  shift 85
	ELIPSIS  shift 87
	FALSE  shift 90
	NONE  shift 88
	TRUE  shift 89
	'('  shift 81
	'['  shift 82
	'+'  shift 76
	'-'  shift 77
	'{'  shift 83
	'~'  shift 78
	.  error

	strings  goto 86
	and_expr  goto 269
	shift_expr  goto 72
	arith_expr  goto 73
	term  goto 74
	factor  goto 75
	power  goto 79
	atom  goto 80

state 182
	and_expr:  and_expr '&'.shift_expr 

	NAME  shift 84
	STRING  shift 91
	NUMBER  shift 85
	ELIPSIS  shift 87
	FALSE  shift 90
	NONE  shift 88
	TRUE  shift 89
	'('  shift 81
	'['  shift 82
	'+'  shift 76
	'-'  shift 77
	'{'  shift 83
	'~'  shift 78
	.  error

	strings  goto 86
	shift_expr  goto 270
	arith_expr  goto 73
	term  goto 74
	factor  goto 75
	power  goto 79
	atom  goto 80

state 183
	shift_expr:  shift_expr LTLT.arith_expr 

	NAME  shift 84
	STRING  shift 91
	NUMBER  shift 85
	ELIPSIS  shift 87
	FALSE  shift 90
	NONE  shift 88
	TRUE  shift 89
	'('  shift 81
	'['  shift 82
	'+'  shift 76
	'-'  shift 77
	'{'  shift 83
	'~'  shift 78
	.  error

	strings  goto 86
	arith_expr  goto 271
	term  goto 74
	factor  goto 75
	power  goto 79
	atom  goto 80

state 184
	shift_expr:  shift_expr GTGT.arith_expr 

	NAME  shift 84
	STRING  shift 91
	NUMBER  shift 85
	ELIPSIS  shift 87
	FALSE  shift 90
	NONE  shift 88
	TRUE  shift 89
	'('  shift 81
	'['  shift 82
	'+'  shift 76
	'-'  shift 77
	'{'  shift 83
	'~'  shift 78
	.  error

	strings  goto 86
	arith_expr  goto 272
	term  goto 74
	factor  goto 75
	power  goto 79
	atom  goto 80

state 185
	arith_expr:  arith_expr '+'.term 

	NAME  shift 84
	STRING  shift 91
	NUMBER  shift 85
	ELIPSIS  shift 87
	FALSE  shift 90
	NONE  shift 88
	TRUE  shift 89
	'('  shift 81
	'['  shift 82
	'+'  shift 76
	'-'  shift 77
	'{'  shift 83
	'~'  shift 78
	.  error

	strings  goto 86
	term  goto 273
	factor  goto 75
	power  goto 79
	atom  goto 80

state 186
	arith_expr:  arith_expr '-'.term 

	NAME  shift 84
	STRING  shift 91
	NUMBER  shift 85
	ELIPSIS  shift 87
	FALSE  shift 90
	NONE  shift 88
	TRUE  shift 89
	'('  shift 81
	'['  shift 82
	'+'  shift 76
	'-'  shift 77
	'{'  shift 83
	'~'  shift 78
	.  error

	strings  goto 86
	term  goto 274
	factor  goto 75
	power  goto 79
	atom  goto 80

state 187
	term:  term '*'.factor 

	NAME  shift 84
	STRING  shift 91
	NUMBER  shift 85
	ELIPSIS  shift 87
	FALSE  shift 90
	NONE  shift 88
	TRUE  shift 89
	'('  shift 81
	'['  shift 82
	'+'  shift 76
	'-'  shift 77
	'{'  shift 83
	'~'  shift 78
	.  error

	strings  goto 86
	factor  goto 275
	power  goto 79
	atom  goto 80

state 188
	term:  term '/'.factor 

	NAME  shift 84
	STRING  shift 91
	NUMBER  shift 85
	ELIPSIS  shift 87
	FALSE  shift 90
	NONE  shift 88
	TRUE  shift 89
	'('  shift 81
	'['  shift 82
	'+'  shift 76
	'-'  shift 77
	'{'  shift 83
	'~'  shift 78
	.  error

	strings  goto 86
	factor  goto 276
	power  goto 79
	atom  goto 80

state 189
	term:  term '%'.factor 

	NAME  shift 84
	STRING  shift 91
	NUMBER  shift 85
	ELIPSIS  shift 87
	FALSE  shift 90
	NONE  shift 88
	TRUE  shift 89
	'('  shift 81
	'['  shift 82
	'+'  shift 76
	'-'  shift 77
	'{'  shift 83
	'~'  shift 78
	.  error

	strings  goto 86
	factor  goto 277
	power  goto 79
	atom  goto 80

state 190
	term:  term DIVDIV.factor 

	NAME  shift 84
	STRING  shift 91
	NUMBER  shift 85
	ELIPSIS  shift 87
	FALSE  shift 90
	NONE  shift 88
	TRUE  shift 89
	'('  shift 81
	'['  shift 82
	'+'  shift 76
	'-'  shift 77
	'{'  shift 83
	'~'  shift 78
	.  error

	strings  goto 86
	factor  goto 278
	power  goto 79
	atom  goto 80

state 191
	factor:  '+' factor.    (233)

	.  reduce 233 (src line 1508)


state 192
	factor:  '-' factor.    (234)

	.  reduce 234 (src line 1513)


state 193
	factor:  '~' factor.    (235)

	.  reduce 235 (src line 1517)


state 194
	power:  atom trailers.    (237)
	power:  atom trailers.STARSTAR factor 
	trailers:  trailers.trailer 

	STARSTAR  shift 279
	'('  shift 281
	'['  shift 282
	'.'  shift 283
	.  reduce 237 (src line 1526)

	trailer  goto 280

state 195
	atom:  '(' ')'.    (243)

	.  reduce 243 (src line 1571)


state 196
	atom:  '(' yield_expr.')' 

	')'  shift 284
	.  error


state 197
	test_or_star_exprs:  test_or_star_expr.    (88)
	atom:  '(' test_or_star_expr.comp_for ')' 

	FOR  shift 286
	.  reduce 88 (src line 741)

	comp_for  goto 285

state 198
	test_or_star_exprs:  test_or_star_exprs.',' test_or_star_expr 
	atom:  '(' test_or_star_exprs.optional_comma ')' 
	optional_comma: .    (92)

	','  shift 141
	.  reduce 92 (src line 762)

	optional_comma  goto 287

state 199
	atom:  '[' ']'.    (247)

	.  reduce 247 (src line 1588)


state 200
	test_or_star_exprs:  test_or_star_expr.    (88)
	atom:  '[' test_or_star_expr.comp_for ']' 

	FOR  shift 286
	.  reduce 88 (src line 741)

	comp_for  goto 288

state 201
	test_or_star_exprs:  test_or_star_exprs.',' test_or_star_expr 
	atom:  '[' test_or_star_exprs.optional_comma ']' 
	optional_comma: .    (92)

	','  shift 141
	.  reduce 92 (src line 762)

	optional_comma  goto 289

state 202
	atom:  '{' '}'.    (250)

	.  reduce 250 (src line 1600)


state 203
	atom:  '{' dictorsetmaker.'}' 

	'}'  shift 290
	.  error


state 204
	test_colon_tests:  test_colon_tests.',' test ':' test 
	dictorsetmaker:  test_colon_tests.optional_comma 
	optional_comma: .    (92)

	','  shift 291
	.  reduce 92 (src line 762)

	optional_comma  goto 292

state 205
	tests:  test.    (150)
	test_colon_tests:  test.':' test 
	dictorsetmaker:  test.':' test comp_for 
	dictorsetmaker:  test.comp_for 

	FOR  shift 286
	':'  shift 293
	.  reduce 150 (src line 1054)

	comp_for  goto 294

state 206
	dictorsetmaker:  testlistraw.    (288)

	.  reduce 288 (src line 1826)


state 207
	tests:  tests.',' test 
	testlistraw:  tests.optional_comma 
	optional_comma: .    (92)

	','  shift 215
	.  reduce 92 (src line 762)

	optional_comma  goto 295

state 208
	strings:  strings STRING.    (242)

	.  reduce 242 (src line 1551)


state 209
	file_input:  nl_or_stmt ENDMARKER.    (6)

	.  reduce 6 (src line 285)


state 210
	nl_or_stmt:  nl_or_stmt NEWLINE.    (8)

	.  reduce 8 (src line 296)


state 211
	nl_or_stmt:  nl_or_stmt stmt.    (9)

	.  reduce 9 (src line 299)


state 212
	stmt:  simple_stmt.    (62)

	.  reduce 62 (src line 595)


state 213
	stmt:  compound_stmt.    (63)

	.  reduce 63 (src line 600)


state 214
	eval_input:  testlist nls.ENDMARKER 
	nls:  nls.NEWLINE 

	NEWLINE  shift 297
	ENDMARKER  shift 296
	.  error


state 215
	optional_comma:  ','.    (93)
	tests:  tests ','.test 

	NAME  shift 84
	STRING  shift 91
	NUMBER  shift 85
	ELIPSIS  shift 87
	FALSE  shift 90
	NONE  shift 88
	TRUE  shift 89
	LAMBDA  shift 65
	NOT  shift 67
	'('  shift 81
	'['  shift 82
	'+'  shift 76
	'-'  shift 77
	'{'  shift 83
	'~'  shift 78
	.  reduce 93 (src line 766)

	strings  goto 86
	expr  goto 69
	xor_expr  goto 70
	and_expr  goto 71
	shift_expr  goto 72
	arith_expr  goto 73
	term  goto 74
	factor  goto 75
	power  goto 79
	atom  goto 80
	test  goto 298
	not_test  goto 66
	lambdef  goto 62
	or_test  goto 61
	and_test  goto 64
	comparison  goto 68

state 216
	testlist:  tests optional_comma.    (282)

	.  reduce 282 (src line 1782)


state 217
	small_stmts:  small_stmts ';' small_stmt.    (67)

	.  reduce 67 (src line 613)


state 218
	simple_stmt:  small_stmts optional_semicolon NEWLINE.    (68)

	.  reduce 68 (src line 618)


state 219
	if_stmt:  IF test ':'.suite elifs optional_else 

	NEWLINE  shift 226
	NAME  shift 84
	STRING  shift 91
	NUMBER  shift 85
	ELIPSIS  shift 87
	FALSE  shift 90
	NONE  shift 88
	TRUE  shift 89
	ASSERT  shift 47
	BREAK  shift 50
	CONTINUE  shift 51
	DEL  shift 36
	FROM  shift 56
	GLOBAL  shift 45
	IMPORT  shift 55
	LAMBDA  shift 65
	NONLOCAL  shift 46
	NOT  shift 67
	PASS  shift 37
	RAISE  shift 53
	RETURN  shift 52
	YIELD  shift 58
	'('  shift 81
	'['  shift 82
	'+'  shift 76
	'-'  shift 77
	'*'  shift 63
	'{'  shift 83
	'~'  shift 78
	.  error

	strings  goto 86
	simple_stmt  goto 225
	small_stmts  goto 8
	suite  goto 299
	small_stmt  goto 17
	expr_stmt  goto 26
	del_stmt  goto 27
	pass_stmt  goto 28
	flow_stmt  goto 29
	import_stmt  goto 30
	global_stmt  goto 31
	nonlocal_stmt  goto 32
	assert_stmt  goto 33
	break_stmt  goto 38
	continue_stmt  goto 39
	return_stmt  goto 40
	raise_stmt  goto 41
	yield_stmt  goto 42
	import_name  goto 43
	import_from  goto 44
	expr  goto 69
	star_expr  goto 60
	xor_expr  goto 70
	and_expr  goto 71
	shift_expr  goto 72
	arith_expr  goto 73
	term  goto 74
	factor  goto 75
	power  goto 79
	atom  goto 80
	test_or_star_expr  goto 57
	test  goto 59
	not_test  goto 66
	lambdef  goto 62
	or_test  goto 61
	and_test  goto 64
	comparison  goto 68
	testlist_star_expr  goto 35
	yield_expr  goto 54
	test_or_star_exprs  goto 49

state 220
	while_stmt:  WHILE test ':'.suite optional_else 

	NEWLINE  shift 226
	NAME  shift 84
	STRING  shift 91
	NUMBER  shift 85
	ELIPSIS  shift 87
	FALSE  shift 90
	NONE  shift 88
	TRUE  shift 89
	ASSERT  shift 47
	BREAK  shift 50
	CONTINUE  shift 51
	DEL  shift 36
	FROM  shift 56
	GLOBAL  shift 45
	IMPORT  shift 55
	LAMBDA  shift 65
	NONLOCAL  shift 46
	NOT  shift 67
	PASS  shift 37
	RAISE  shift 53
	RETURN  shift 52
	YIELD  shift 58
	'('  shift 81
	'['  shift 82
	'+'  shift 76
	'-'  shift 77
	'*'  shift 63
	'{'  shift 83
	'~'  shift 78
	.  error

	strings  goto 86
	simple_stmt  goto 225
	small_stmts  goto 8
	suite  goto 300
	small_stmt  goto 17
	expr_stmt  goto 26
	del_stmt  goto 27
	pass_stmt  goto 28
	flow_stmt  goto 29
	import_stmt  goto 30
	global_stmt  goto 31
	nonlocal_stmt  goto 32
	assert_stmt  goto 33
	break_stmt  goto 38
	continue_stmt  goto 39
	return_stmt  goto 40
	raise_stmt  goto 41
	yield_stmt  goto 42
	import_name  goto 43
	import_from  goto 44
	expr  goto 69
	star_expr  goto 60
	xor_expr  goto 70
	and_expr  goto 71
	shift_expr  goto 72
	arith_expr  goto 73
	term  goto 74
	factor  goto 75
	power  goto 79
	atom  goto 80
	test_or_star_expr  goto 57
	test  goto 59
	not_test  goto 66
	lambdef  goto 62
	or_test  goto 61
	and_test  goto 64
	comparison  goto 68
	testlist_star_expr  goto 35
	yield_expr  goto 54
	test_or_star_exprs  goto 49

state 221
	for_stmt:  FOR exprlist IN.testlist ':' suite optional_else 

	NAME  shift 84
	STRING  shift 91
	NUMBER  shift 85
	ELIPSIS  shift 87
	FALSE  shift 90
	NONE  shift 88
	TRUE  shift 89
	LAMBDA  shift 65
	NOT  shift 67
	'('  shift 81
	'['  shift 82
	'+'  shift 76
	'-'  shift 77
	'{'  shift 83
	'~'  shift 78
	.  error

	strings  goto 86
	expr  goto 69
	xor_expr  goto 70
	and_expr  goto 71
	shift_expr  goto 72
	arith_expr  goto 73
	term  goto 74
	factor  goto 75
	power  goto 79
	atom  goto 80
	test  goto 97
	not_test  goto 66
	lambdef  goto 62
	or_test  goto 61
	and_test  goto 64
	comparison  goto 68
	testlist  goto 301
	tests  goto 96

state 222
	optional_comma:  ','.    (93)
	expr_or_star_exprs:  expr_or_star_exprs ','.expr_or_star_expr 

	NAME  shift 84
	STRING  shift 91
	NUMBER  shift 85
	ELIPSIS  shift 87
	FALSE  shift 90
	NONE  shift 88
	TRUE  shift 89
	'('  shift 81
	'['  shift 82
	'+'  shift 76
	'-'  shift 77
	'*'  shift 63
	'{'  shift 83
	'~'  shift 78
	.  reduce 93 (src line 766)

	strings  goto 86
	expr_or_star_expr  goto 302
	expr  goto 106
	star_expr  goto 107
	xor_expr  goto 70
	and_expr  goto 71
	shift_expr  goto 72
	arith_expr  goto 73
	term  goto 74
	factor  goto 75
	power  goto 79
	atom  goto 80

state 223
	exprlist:  expr_or_star_exprs optional_comma.    (281)

	.  reduce 281 (src line 1775)


state 224
	try_stmt:  TRY ':' suite.except_clauses 
	try_stmt:  TRY ':' suite.except_clauses ELSE ':' suite 
	try_stmt:  TRY ':' suite.except_clauses FINALLY ':' suite 
	try_stmt:  TRY ':' suite.except_clauses ELSE ':' suite FINALLY ':' suite 
	except_clauses: .    (169)

	.  reduce 169 (src line 1170)

	except_clauses  goto 303

state 225
	suite:  simple_stmt.    (185)

	.  reduce 185 (src line 1256)


state 226
	suite:  NEWLINE.INDENT stmts DEDENT 

	INDENT  shift 304
	.  error


state 227
	with_items:  with_items ','.with_item 

	NAME  shift 84
	STRING  shift 91
	NUMBER  shift 85
	ELIPSIS  shift 87
	FALSE  shift 90
	NONE  shift 88
	TRUE  shift 89
	LAMBDA  shift 65
	NOT  shift 67
	'('  shift 81
	'['  shift 82
	'+'  shift 76
	'-'  shift 77
	'{'  shift 83
	'~'  shift 78
	.  error

	strings  goto 86
	expr  goto 69
	xor_expr  goto 70
	and_expr  goto 71
	shift_expr  goto 72
	arith_expr  goto 73
	term  goto 74
	factor  goto 75
	power  goto 79
	atom  goto 80
	test  goto 111
	not_test  goto 66
	lambdef  goto 62
	or_test  goto 61
	and_test  goto 64
	comparison  goto 68
	with_item  goto 305

state 228
	with_stmt:  WITH with_items ':'.suite 

	NEWLINE  shift 226
	NAME  shift 84
	STRING  shift 91
	NUMBER  shift 85
	ELIPSIS  shift 87
	FALSE  shift 90
	NONE  shift 88
	TRUE  shift 89
	ASSERT  shift 47
	BREAK  shift 50
	CONTINUE  shift 51
	DEL  shift 36
	FROM  shift 56
	GLOBAL  shift 45
	IMPORT  shift 55
	LAMBDA  shift 65
	NONLOCAL  shift 46
	NOT  shift 67
	PASS  shift 37
	RAISE  shift 53
	RETURN  shift 52
	YIELD  shift 58
	'('  shift 81
	'['  shift 82
	'+'  shift 76
	'-'  shift 77
	'*'  shift 63
	'{'  shift 83
	'~'  shift 78
	.  error

	strings  goto 86
	simple_stmt  goto 225
	small_stmts  goto 8
	suite  goto 306
	small_stmt  goto 17
	expr_stmt  goto 26
	del_stmt  goto 27
	pass_stmt  goto 28
	flow_stmt  goto 29
	import_stmt  goto 30
	global_stmt  goto 31
	nonlocal_stmt  goto 32
	assert_stmt  goto 33
	break_stmt  goto 38
	continue_stmt  goto 39
	return_stmt  goto 40
	raise_stmt  goto 41
	yield_stmt  goto 42
	import_name  goto 43
	import_from  goto 44
	expr  goto 69
	star_expr  goto 60
	xor_expr  goto 70
	and_expr  goto 71
	shift_expr  goto 72
	arith_expr  goto 73
	term  goto 74
	factor  goto 75
	power  goto 79
	atom  goto 80
	test_or_star_expr  goto 57
	test  goto 59
	not_test  goto 66
	lambdef  goto 62
	or_test  goto 61
	and_test  goto 64
	comparison  goto 68
	testlist_star_expr  goto 35
	yield_expr  goto 54
	test_or_star_exprs  goto 49

state 229
	with_item:  test AS.expr 

	NAME  shift 84
	STRING  shift 91
	NUMBER  shift 85
	ELIPSIS  shift 87
	FALSE  shift 90
	NONE  shift 88
	TRUE  shift 89
	'('  shift 81
	'['  shift 82
	'+'  shift 76
	'-'  shift 77
	'{'  shift 83
	'~'  shift 78
	.  error

	strings  goto 86
	expr  goto 307
	xor_expr  goto 70
	and_expr  goto 71
	shift_expr  goto 72
	arith_expr  goto 73
	term  goto 74
	factor  goto 75
	power  goto 79
	atom  goto 80

state 230
	funcdef:  DEF NAME parameters.optional_return_type ':' suite 
	optional_return_type: .    (23)

	MINUSGT  shift 309
	.  reduce 23 (src line 382)

	optional_return_type  goto 308

state 231
	parameters:  '('.optional_typedargslist ')' 
	optional_typedargslist: .    (27)

	NAME  shift 317
	STARSTAR  shift 314
	'*'  shift 313
	.  reduce 27 (src line 403)

	tfpdeftest  goto 315
	tfpdef  goto 316
	tfpdeftests1  goto 312
	optional_typedargslist  goto 310
	typedargslist  goto 311

state 232
	classdef:  CLASS NAME optional_arglist_call.':' suite 

	':'  shift 318
	.  error


state 233
	optional_arglist_call:  '('.optional_arglist ')' 
	optional_arglist: .    (13)
	optional_arguments: .    (293)

	NAME  shift 84
	STRING  shift 91
	NUMBER  shift 85
	ELIPSIS  shift 87
	FALSE  shift 90
	NONE  shift 88
	TRUE  shift 89
	LAMBDA  shift 65
	NOT  shift 67
	'('  shift 81
	')'  reduce 13 (src line 315)
	'['  shift 82
	'+'  shift 76
	'-'  shift 77
	'{'  shift 83
	'~'  shift 78
	.  reduce 293 (src line 1860)

	strings  goto 86
	expr  goto 69
	xor_expr  goto 70
	and_expr  goto 71
	shift_expr  goto 72
	arith_expr  goto 73
	term  goto 74
	factor  goto 75
	power  goto 79
	atom  goto 80
	test  goto 324
	not_test  goto 66
	lambdef  goto 62
	or_test  goto 61
	and_test  goto 64
	comparison  goto 68
	argument  goto 323
	arguments  goto 321
	optional_arguments  goto 322
	arglist  goto 320
	optional_arglist  goto 319

state 234
	expr_stmt:  testlist_star_expr augassign yield_expr_or_testlist.    (77)

	.  reduce 77 (src line 679)


state 235
	yield_expr_or_testlist:  yield_expr.    (82)

	.  reduce 82 (src line 710)


state 236
	yield_expr_or_testlist:  testlist.    (83)

	.  reduce 83 (src line 715)


state 237
	equals_yield_expr_or_testlist_star_expr:  equals_yield_expr_or_testlist_star_expr '='.yield_expr_or_testlist_star_expr 

	NAME  shift 84
	STRING  shift 91
	NUMBER  shift 85
	ELIPSIS  shift 87
	FALSE  shift 90
	NONE  shift 88
	TRUE  shift 89
	LAMBDA  shift 65
	NOT  shift 67
	YIELD  shift 58
	'('  shift 81
	'['  shift 82
	'+'  shift 76
	'-'  shift 77
	'*'  shift 63
	'{'  shift 83
	'~'  shift 78
	.  error

	strings  goto 86
	expr  goto 69
	star_expr  goto 60
	xor_expr  goto 70
	and_expr  goto 71
	shift_expr  goto 72
	arith_expr  goto 73
	term  goto 74
	factor  goto 75
	power  goto 79
	atom  goto 80
	test_or_star_expr  goto 57
	test  goto 59
	not_test  goto 66
	lambdef  goto 62
	or_test  goto 61
	and_test  goto 64
	comparison  goto 68
	testlist_star_expr  goto 241
	yield_expr  goto 240
	yield_expr_or_testlist_star_expr  goto 325
	test_or_star_exprs  goto 49

state 238
	expr_stmt:  testlist_star_expr ':' test.    (80)
	expr_stmt:  testlist_star_expr ':' test.'=' testlist_star_expr 

	'='  shift 326
	.  reduce 80 (src line 699)


state 239
	equals_yield_expr_or_testlist_star_expr:  '=' yield_expr_or_testlist_star_expr.    (86)

	.  reduce 86 (src line 730)


state 240
	yield_expr_or_testlist_star_expr:  yield_expr.    (84)

	.  reduce 84 (src line 720)


state 241
	yield_expr_or_testlist_star_expr:  testlist_star_expr.    (85)

	.  reduce 85 (src line 725)


state 242
	names:  names ','.NAME 

	NAME  shift 327
	.  error


state 243
	assert_stmt:  ASSERT test ','.test 

	NAME  shift 84
	STRING  shift 91
	NUMBER  shift 85
	ELIPSIS  shift 87
	FALSE  shift 90
	NONE  shift 88
	TRUE  shift 89
	LAMBDA  shift 65
	NOT  shift 67
	'('  shift 81
	'['  shift 82
	'+'  shift 76
	'-'  shift 77
	'{'  shift 83
	'~'  shift 78
	.  error

	strings  goto 86
	expr  goto 69
	xor_expr  goto 70
	and_expr  goto 71
	shift_expr  goto 72
	arith_expr  goto 73
	term  goto 74
	factor  goto 75
	power  goto 79
	atom  goto 80
	test  goto 328
	not_test  goto 66
	lambdef  goto 62
	or_test  goto 61
	and_test  goto 64
	comparison  goto 68

state 244
	decorator:  '@' dotted_name optional_arglist_call.NEWLINE 

	NEWLINE  shift 329
	.  error


state 245
	dotted_name:  dotted_name '.'.NAME 

	NAME  shift 330
	.  error


state 246
	test_or_star_exprs:  test_or_star_exprs ',' test_or_star_expr.    (89)

	.  reduce 89 (src line 747)


state 247
	raise_stmt:  RAISE test FROM.test 

	NAME  shift 84
	STRING  shift 91
	NUMBER  shift 85
	ELIPSIS  shift 87
	FALSE  shift 90
	NONE  shift 88
	TRUE  shift 89
	LAMBDA  shift 65
	NOT  shift 67
	'('  shift 81
	'['  shift 82
	'+'  shift 76
	'-'  shift 77
	'{'  shift 83
	'~'  shift 78
	.  error

	strings  goto 86
	expr  goto 69
	xor_expr  goto 70
	and_expr  goto 71
	shift_expr  goto 72
	arith_expr  goto 73
	term  goto 74
	factor  goto 75
	power  goto 79
	atom  goto 80
	test  goto 331
	not_test  goto 66
	lambdef  goto 62
	or_test  goto 61
	and_test  goto 64
	comparison  goto 68

state 248
	dotted_as_names:  dotted_as_names ','.dotted_as_name 

	NAME  shift 140
	.  error

	dotted_name  goto 147
	dotted_as_name  goto 332

state 249
	dotted_as_name:  dotted_name AS.NAME 

	NAME  shift 333
	.  error


state 250
	import_from:  FROM from_arg IMPORT.import_from_arg 

	NAME  shift 339
	'('  shift 336
	'*'  shift 335
	.  error

	import_as_name  goto 338
	import_as_names  goto 337
	import_from_arg  goto 334

state 251
	dots:  dots dot.    (128)

	.  reduce 128 (src line 937)


state 252
	from_arg:  dots dotted_name.    (130)
	dotted_name:  dotted_name.'.' NAME 

	'.'  shift 245
	.  reduce 130 (src line 948)


state 253
	yield_expr:  YIELD FROM test.    (311)

	.  reduce 311 (src line 1993)


state 254
	test:  or_test IF or_test.ELSE test 
	or_test:  or_test.OR and_test 

	ELSE  shift 340
	OR  shift 157
	.  error


state 255
	or_test:  or_test OR and_test.    (197)
	and_test:  and_test.AND not_test 

	AND  shift 159
	.  reduce 197 (src line 1318)


state 256
	and_test:  and_test AND not_test.    (199)

	.  reduce 199 (src line 1335)


state 257
	lambdef:  LAMBDA ':' test.    (192)

	.  reduce 192 (src line 1290)


state 258
	lambdef:  LAMBDA varargslist ':'.test 

	NAME  shift 84
	STRING  shift 91
	NUMBER  shift 85
	ELIPSIS  shift 87
	FALSE  shift 90
	NONE  shift 88
	TRUE  shift 89
	LAMBDA  shift 65
	NOT  shift 67
	'('  shift 81
	'['  shift 82
	'+'  shift 76
	'-'  shift 77
	'{'  shift 83
	'~'  shift 78
	.  error

	strings  goto 86
	expr  goto 69
	xor_expr  goto 70
	and_expr  goto 71
	shift_expr  goto 72
	arith_expr  goto 73
	term  goto 74
	factor  goto 75
	power  goto 79
	atom  goto 80
	test  goto 341
	not_test  goto 66
	lambdef  goto 62
	or_test  goto 61
	and_test  goto 64
	comparison  goto 68

state 259
	vfpdeftests1:  vfpdeftests1 ','.vfpdeftest 
	varargslist:  vfpdeftests1 ','.'*' optional_vfpdef vfpdeftests 
	varargslist:  vfpdeftests1 ','.'*' optional_vfpdef vfpdeftests ',' STARSTAR vfpdef 
	varargslist:  vfpdeftests1 ','.STARSTAR vfpdef 
	optional_comma:  ','.    (93)

	NAME  shift 167
	STARSTAR  shift 344
	'*'  shift 343
	.  reduce 93 (src line 766)

	vfpdeftest  goto 342
	vfpdef  goto 166

state 260
	varargslist:  vfpdeftests1 optional_comma.    (54)

	.  reduce 54 (src line 559)


state 261
	varargslist:  '*' optional_vfpdef.vfpdeftests 
	varargslist:  '*' optional_vfpdef.vfpdeftests ',' STARSTAR vfpdef 
	vfpdeftests: .    (48)

	.  reduce 48 (src line 518)

	vfpdeftests  goto 345

state 262
	optional_vfpdef:  vfpdef.    (53)

	.  reduce 53 (src line 553)


state 263
	varargslist:  STARSTAR vfpdef.    (60)

	.  reduce 60 (src line 584)


state 264
	vfpdeftest:  vfpdef '='.test 

	NAME  shift 84
	STRING  shift 91
	NUMBER  shift 85
	ELIPSIS  shift 87
	FALSE  shift 90
	NONE  shift 88
	TRUE  shift 89
	LAMBDA  shift 65
	NOT  shift 67
	'('  shift 81
	'['  shift 82
	'+'  shift 76
	'-'  shift 77
	'{'  shift 83
	'~'  shift 78
	.  error

	strings  goto 86
	expr  goto 69
	xor_expr  goto 70
	and_expr  goto 71
	shift_expr  goto 72
	arith_expr  goto 73
	term  goto 74
	factor  goto 75
	power  goto 79
	atom  goto 80
	test  goto 346
	not_test  goto 66
	lambdef  goto 62
	or_test  goto 61
	and_test  goto 64
	comparison  goto 68

state 265
	comparison:  comparison comp_op expr.    (203)
	expr:  expr.'|' xor_expr 

	'|'  shift 180
	.  reduce 203 (src line 1362)


state 266
	comp_op:  NOT IN.    (212)

	.  reduce 212 (src line 1409)


state 267
	comp_op:  IS NOT.    (214)

	.  reduce 214 (src line 1417)


state 268
	expr:  expr '|' xor_expr.    (217)
	xor_expr:  xor_expr.'^' and_expr 

	'^'  shift 181
	.  reduce 217 (src line 1433)


state 269
	xor_expr:  xor_expr '^' and_expr.    (219)
	and_expr:  and_expr.'&' shift_expr 

	'&'  shift 182
	.  reduce 219 (src line 1443)


state 270
	and_expr:  and_expr '&' shift_expr.    (221)
	shift_expr:  shift_expr.LTLT arith_expr 
	shift_expr:  shift_expr.GTGT arith_expr 

	LTLT  shift 183
	GTGT  shift 184
	.  reduce 221 (src line 1453)


state 271
	shift_expr:  shift_expr LTLT arith_expr.    (223)
	arith_expr:  arith_expr.'+' term 
	arith_expr:  arith_expr.'-' term 

	'+'  shift 185
	'-'  shift 186
	.  reduce 223 (src line 1463)


state 272
	shift_expr:  shift_expr GTGT arith_expr.    (224)
	arith_expr:  arith_expr.'+' term 
	arith_expr:  arith_expr.'-' term 

	'+'  shift 185
	'-'  shift 186
	.  reduce 224 (src line 1467)


state 273
	arith_expr:  arith_expr '+' term.    (226)
	term:  term.'*' factor 
	term:  term.'/' factor 
	term:  term.'%' factor 
	term:  term.DIVDIV factor 

	DIVDIV  shift 190
	'*'  shift 187
	'/'  shift 188
	'%'  shift 189
	.  reduce 226 (src line 1477)


state 274
	arith_expr:  arith_expr '-' term.    (227)
	term:  term.'*' factor 
	term:  term.'/' factor 
	term:  term.'%' factor 
	term:  term.DIVDIV factor 

	DIVDIV  shift 190
	'*'  shift 187
	'/'  shift 188
	'%'  shift 189
	.  reduce 227 (src line 1481)


state 275
	term:  term '*' factor.    (229)

	.  reduce 229 (src line 1491)


state 276
	term:  term '/' factor.    (230)

	.  reduce 230 (src line 1495)


state 277
	term:  term '%' factor.    (231)

	.  reduce 231 (src line 1499)


state 278
	term:  term DIVDIV factor.    (232)

	.  reduce 232 (src line 1503)


state 279
	power:  atom trailers STARSTAR.factor 

	NAME  shift 84
	STRING  shift 91
	NUMBER  shift 85
	ELIPSIS  shift 87
	FALSE  shift 90
	NONE  shift 88
	TRUE  shift 89
	'('  shift 81
	'['  shift 82
	'+'  shift 76
	'-'  shift 77
	'{'  shift 83
	'~'  shift 78
	.  error

	strings  goto 86
	factor  goto 347
	power  goto 79
	atom  goto 80

state 280
	trailers:  trailers trailer.    (240)

	.  reduce 240 (src line 1541)


state 281
	trailer:  '('.')' 
	trailer:  '('.arglist ')' 
	optional_arguments: .    (293)

	NAME  shift 84
	STRING  shift 91
	NUMBER  shift 85
	ELIPSIS  shift 87
	FALSE  shift 90
	NONE  shift 88
	TRUE  shift 89
	LAMBDA  shift 65
	NOT  shift 67
	'('  shift 81
	')'  shift 348
	'['  shift 82
	'+'  shift 76
	'-'  shift 77
	'{'  shift 83
	'~'  shift 78
	.  reduce 293 (src line 1860)

	strings  goto 86
	expr  goto 69
	xor_expr  goto 70
	and_expr  goto 71
	shift_expr  goto 72
	arith_expr  goto 73
	term  goto 74
	factor  goto 75
	power  goto 79
	atom  goto 80
	test  goto 324
	not_test  goto 66
	lambdef  goto 62
	or_test  goto 61
	and_test  goto 64
	comparison  goto 68
	argument  goto 323
	arguments  goto 321
	optional_arguments  goto 322
	arglist  goto 349

state 282
	trailer:  '['.subscriptlist ']' 

	NAME  shift 84
	STRING  shift 91
	NUMBER  shift 85
	ELIPSIS  shift 87
	FALSE  shift 90
	NONE  shift 88
	TRUE  shift 89
	LAMBDA  shift 65
	NOT  shift 67
	'('  shift 81
	'['  shift 82
	':'  shift 354
	'+'  shift 76
	'-'  shift 77
	'{'  shift 83
	'~'  shift 78
	.  error

	strings  goto 86
	expr  goto 69
	xor_expr  goto 70
	and_expr  goto 71
	shift_expr  goto 72
	arith_expr  goto 73
	term  goto 74
	factor  goto 75
	power  goto 79
	atom  goto 80
	test  goto 353
	not_test  goto 66
	lambdef  goto 62
	or_test  goto 61
	and_test  goto 64
	comparison  goto 68
	subscript  goto 352
	subscriptlist  goto 350
	subscripts  goto 351

state 283
	trailer:  '.'.NAME 

	NAME  shift 355
	.  error


state 284
	atom:  '(' yield_expr ')'.    (244)

	.  reduce 244 (src line 1576)


state 285
	atom:  '(' test_or_star_expr comp_for.')' 

	')'  shift 356
	.  error


state 286
	comp_for:  FOR.exprlist IN or_test 
	comp_for:  FOR.exprlist IN or_test comp_iter 

	NAME  shift 84
	STRING  shift 91
	NUMBER  shift 85
	ELIPSIS  shift 87
	FALSE  shift 90
	NONE  shift 88
	TRUE  shift 89
	'('  shift 81
	'['  shift 82
	'+'  shift 76
	'-'  shift 77
	'*'  shift 63
	'{'  shift 83
	'~'  shift 78
	.  error

	strings  goto 86
	expr_or_star_expr  goto 105
	expr  goto 106
	star_expr  goto 107
	xor_expr  goto 70
	and_expr  goto 71
	shift_expr  goto 72
	arith_expr  goto 73
	term  goto 74
	factor  goto 75
	power  goto 79
	atom  goto 80
	exprlist  goto 357
	expr_or_star_exprs  goto 104

state 287
	atom:  '(' test_or_star_exprs optional_comma.')' 

	')'  shift 358
	.  error


state 288
	atom:  '[' test_or_star_expr comp_for.']' 

	']'  shift 359
	.  error


state 289
	atom:  '[' test_or_star_exprs optional_comma.']' 

	']'  shift 360
	.  error


state 290
	atom:  '{' dictorsetmaker '}'.    (251)

	.  reduce 251 (src line 1604)


state 291
	optional_comma:  ','.    (93)
	test_colon_tests:  test_colon_tests ','.test ':' test 

	NAME  shift 84
	STRING  shift 91
	NUMBER  shift 85
	ELIPSIS  shift 87
	FALSE  shift 90
	NONE  shift 88
	TRUE  shift 89
	LAMBDA  shift 65
	NOT  shift 67
	'('  shift 81
	'['  shift 82
	'+'  shift 76
	'-'  shift 77
	'{'  shift 83
	'~'  shift 78
	.  reduce 93 (src line 766)

	strings  goto 86
	expr  goto 69
	xor_expr  goto 70
	and_expr  goto 71
	shift_expr  goto 72
	arith_expr  goto 73
	term  goto 74
	factor  goto 75
	power  goto 79
	atom  goto 80
	test  goto 361
	not_test  goto 66
	lambdef  goto 62
	or_test  goto 61
	and_test  goto 64
	comparison  goto 68

state 292
	dictorsetmaker:  test_colon_tests optional_comma.    (286)

	.  reduce 286 (src line 1811)


state 293
	test_colon_tests:  test ':'.test 
	dictorsetmaker:  test ':'.test comp_for 

	NAME  shift 84
	STRING  shift 91
	NUMBER  shift 85
	ELIPSIS  shift 87
	FALSE  shift 90
	NONE  shift 88
	TRUE  shift 89
	LAMBDA  shift 65
	NOT  shift 67
	'('  shift 81
	'['  shift 82
	'+'  shift 76
	'-'  shift 77
	'{'  shift 83
	'~'  shift 78
	.  error

	strings  goto 86
	expr  goto 69
	xor_expr  goto 70
	and_expr  goto 71
	shift_expr  goto 72
	arith_expr  goto 73
	term  goto 74
	factor  goto 75
	power  goto 79
	atom  goto 80
	test  goto 362
	not_test  goto 66
	lambdef  goto 62
	or_test  goto 61
	and_test  goto 64
	comparison  goto 68

state 294
	dictorsetmaker:  test comp_for.    (289)

	.  reduce 289 (src line 1830)


state 295
	testlistraw:  tests optional_comma.    (283)

	.  reduce 283 (src line 1793)


state 296
	eval_input:  testlist nls ENDMARKER.    (10)

	.  reduce 10 (src line 305)


state 297
	nls:  nls NEWLINE.    (12)

	.  reduce 12 (src line 313)


state 298
	tests:  tests ',' test.    (151)

	.  reduce 151 (src line 1060)


state 299
	if_stmt:  IF test ':' suite.elifs optional_else 
	elifs: .    (162)

	.  reduce 162 (src line 1109)

	elifs  goto 363

state 300
	while_stmt:  WHILE test ':' suite.optional_else 
	optional_else: .    (164)

	ELSE  shift 365
	.  reduce 164 (src line 1126)

	optional_else  goto 364

state 301
	for_stmt:  FOR exprlist IN testlist.':' suite optional_else 

	':'  shift 366
	.  error


state 302
	expr_or_star_exprs:  expr_or_star_exprs ',' expr_or_star_expr.    (280)

	.  reduce 280 (src line 1770)


state 303
	except_clauses:  except_clauses.except_clause ':' suite 
	try_stmt:  TRY ':' suite except_clauses.    (171)
	try_stmt:  TRY ':' suite except_clauses.ELSE ':' suite 
	try_stmt:  TRY ':' suite except_clauses.FINALLY ':' suite 
	try_stmt:  TRY ':' suite except_clauses.ELSE ':' suite FINALLY ':' suite 

	ELSE  shift 368
	EXCEPT  shift 370
	FINALLY  shift 369
	.  reduce 171 (src line 1180)

	except_clause  goto 367

state 304
	suite:  NEWLINE INDENT.stmts DEDENT 

	NAME  shift 84
	STRING  shift 91
	NUMBER  shift 85
	ELIPSIS  shift 87
	FALSE  shift 90
	NONE  shift 88
	TRUE  shift 89
	ASSERT  shift 47
	BREAK  shift 50
	CLASS  shift 24
	CONTINUE  shift 51
	DEF  shift 23
	DEL  shift 36
	FOR  shift 20
	FROM  shift 56
	GLOBAL  shift 45
	IF  shift 18
	IMPORT  shift 55
	LAMBDA  shift 65
	NONLOCAL  shift 46
	NOT  shift 67
	PASS  shift 37
	RAISE  shift 53
	RETURN  shift 52
	TRY  shift 21
	WHILE  shift 19
	WITH  shift 22
	YIELD  shift 58
	'('  shift 81
	'['  shift 82
	'+'  shift 76
	'-'  shift 77
	'*'  shift 63
	'{'  shift 83
	'~'  shift 78
	'@'  shift 48
	.  error

	strings  goto 86
	simple_stmt  goto 212
	stmt  goto 372
	small_stmts  goto 8
	stmts  goto 371
	compound_stmt  goto 213
	small_stmt  goto 17
	expr_stmt  goto 26
	del_stmt  goto 27
	pass_stmt  goto 28
	flow_stmt  goto 29
	import_stmt  goto 30
	global_stmt  goto 31
	nonlocal_stmt  goto 32
	assert_stmt  goto 33
	break_stmt  goto 38
	continue_stmt  goto 39
	return_stmt  goto 40
	raise_stmt  goto 41
	yield_stmt  goto 42
	import_name  goto 43
	import_from  goto 44
	while_stmt  goto 10
	if_stmt  goto 9
	for_stmt  goto 11
	try_stmt  goto 12
	with_stmt  goto 13
	funcdef  goto 14
	classdef  goto 15
	decorated  goto 16
	expr  goto 69
	star_expr  goto 60
	xor_expr  goto 70
	and_expr  goto 71
	shift_expr  goto 72
	arith_expr  goto 73
	term  goto 74
	factor  goto 75
	power  goto 79
	atom  goto 80
	test_or_star_expr  goto 57
	test  goto 59
	not_test  goto 66
	lambdef  goto 62
	or_test  goto 61
	and_test  goto 64
	comparison  goto 68
	testlist_star_expr  goto 35
	yield_expr  goto 54
	decorator  goto 34
	test_or_star_exprs  goto 49
	decorators  goto 25

state 305
	with_items:  with_items ',' with_item.    (176)

	.  reduce 176 (src line 1204)


state 306
	with_stmt:  WITH with_items ':' suite.    (177)

	.  reduce 177 (src line 1209)


state 307
	with_item:  test AS expr.    (179)
	expr:  expr.'|' xor_expr 

	'|'  shift 180
	.  reduce 179 (src line 1220)


state 308
	funcdef:  DEF NAME parameters optional_return_type.':' suite 

	':'  shift 373
	.  error


state 309
	optional_return_type:  MINUSGT.test 

	NAME  shift 84
	STRING  shift 91
	NUMBER  shift 85
	ELIPSIS  shift 87
	FALSE  shift 90
	NONE  shift 88
	TRUE  shift 89
	LAMBDA  shift 65
	NOT  shift 67
	'('  shift 81
	'['  shift 82
	'+'  shift 76
	'-'  shift 77
	'{'  shift 83
	'~'  shift 78
	.  error

	strings  goto 86
	expr  goto 69
	xor_expr  goto 70
	and_expr  goto 71
	shift_expr  goto 72
	arith_expr  goto 73
	term  goto 74
	factor  goto 75
	power  goto 79
	atom  goto 80
	test  goto 374
	not_test  goto 66
	lambdef  goto 62
	or_test  goto 61
	and_test  goto 64
	comparison  goto 68

state 310
	parameters:  '(' optional_typedargslist.')' 

	')'  shift 375
	.  error


state 311
	optional_typedargslist:  typedargslist.    (28)

	.  reduce 28 (src line 407)


state 312
	tfpdeftests1:  tfpdeftests1.',' tfpdeftest 
	typedargslist:  tfpdeftests1.optional_comma 
	typedargslist:  tfpdeftests1.',' '*' optional_tfpdef tfpdeftests 
	typedargslist:  tfpdeftests1.',' '*' optional_tfpdef tfpdeftests ',' STARSTAR tfpdef 
	typedargslist:  tfpdeftests1.',' STARSTAR tfpdef 
	optional_comma: .    (92)

	','  shift 376
	.  reduce 92 (src line 762)

	optional_comma  goto 377

state 313
	typedargslist:  '*'.optional_tfpdef tfpdeftests 
	typedargslist:  '*'.optional_tfpdef tfpdeftests ',' STARSTAR tfpdef 
	optional_tfpdef: .    (35)

	NAME  shift 317
	.  reduce 35 (src line 456)

	tfpdef  goto 379
	optional_tfpdef  goto 378

state 314
	typedargslist:  STARSTAR.tfpdef 

	NAME  shift 317
	.  error

	tfpdef  goto 380

state 315
	tfpdeftests1:  tfpdeftest.    (33)

	.  reduce 33 (src line 438)


state 316
	tfpdeftest:  tfpdef.    (29)
	tfpdeftest:  tfpdef.'=' test 

	'='  shift 381
	.  reduce 29 (src line 413)


state 317
	tfpdef:  NAME.    (44)
	tfpdef:  NAME.':' test 

	':'  shift 382
	.  reduce 44 (src line 496)


state 318
	classdef:  CLASS NAME optional_arglist_call ':'.suite 

	NEWLINE  shift 226
	NAME  shift 84
	STRING  shift 91
	NUMBER  shift 85
	ELIPSIS  shift 87
	FALSE  shift 90
	NONE  shift 88
	TRUE  shift 89
	ASSERT  shift 47
	BREAK  shift 50
	CONTINUE  shift 51
	DEL  shift 36
	FROM  shift 56
	GLOBAL  shift 45
	IMPORT  shift 55
	LAMBDA  shift 65
	NONLOCAL  shift 46
	NOT  shift 67
	PASS  shift 37
	RAISE  shift 53
	RETURN  shift 52
	YIELD  shift 58
	'('  shift 81
	'['  shift 82
	'+'  shift 76
	'-'  shift 77
	'*'  shift 63
	'{'  shift 83
	'~'  shift 78
	.  error

	strings  goto 86
	simple_stmt  goto 225
	small_stmts  goto 8
	suite  goto 383
	small_stmt  goto 17
	expr_stmt  goto 26
	del_stmt  goto 27
	pass_stmt  goto 28
	flow_stmt  goto 29
	import_stmt  goto 30
	global_stmt  goto 31
	nonlocal_stmt  goto 32
	assert_stmt  goto 33
	break_stmt  goto 38
	continue_stmt  goto 39
	return_stmt  goto 40
	raise_stmt  goto 41
	yield_stmt  goto 42
	import_name  goto 43
	import_from  goto 44
	expr  goto 69
	star_expr  goto 60
	xor_expr  goto 70
	and_expr  goto 71
	shift_expr  goto 72
	arith_expr  goto 73
	term  goto 74
	factor  goto 75
	power  goto 79
	atom  goto 80
	test_or_star_expr  goto 57
	test  goto 59
	not_test  goto 66
	lambdef  goto 62
	or_test  goto 61
	and_test  goto 64
	comparison  goto 68
	testlist_star_expr  goto 35
	yield_expr  goto 54
	test_or_star_exprs  goto 49

state 319
	optional_arglist_call:  '(' optional_arglist.')' 

	')'  shift 384
	.  error


state 320
	optional_arglist:  arglist.    (14)

	.  reduce 14 (src line 319)


state 321
	arguments:  arguments.',' argument 
	optional_arguments:  arguments.',' 
	arglist:  arguments.optional_comma 
	optional_comma: .    (92)

	','  shift 385
	.  reduce 92 (src line 762)

	optional_comma  goto 386

state 322
	arglist:  optional_arguments.'*' test arguments2 
	arglist:  optional_arguments.'*' test arguments2 ',' STARSTAR test 
	arglist:  optional_arguments.STARSTAR test 

	STARSTAR  shift 388
	'*'  shift 387
	.  error


state 323
	arguments:  argument.    (291)

	.  reduce 291 (src line 1849)


state 324
	argument:  test.    (301)
	argument:  test.comp_for 
	argument:  test.'=' test 

	FOR  shift 286
	'='  shift 390
	.  reduce 301 (src line 1914)

	comp_for  goto 389

state 325
	equals_yield_expr_or_testlist_star_expr:  equals_yield_expr_or_testlist_star_expr '=' yield_expr_or_testlist_star_expr.    (87)

	.  reduce 87 (src line 736)


state 326
	expr_stmt:  testlist_star_expr ':' test '='.testlist_star_expr 

	NAME  shift 84
	STRING  shift 91
	NUMBER  shift 85
	ELIPSIS  shift 87
	FALSE  shift 90
	NONE  shift 88
	TRUE  shift 89
	LAMBDA  shift 65
	NOT  shift 67
	'('  shift 81
	'['  shift 82
	'+'  shift 76
	'-'  shift 77
	'*'  shift 63
	'{'  shift 83
	'~'  shift 78
	.  error

	strings  goto 86
	expr  goto 69
	star_expr  goto 60
	xor_expr  goto 70
	and_expr  goto 71
	shift_expr  goto 72
	arith_expr  goto 73
	term  goto 74
	factor  goto 75
	power  goto 79
	atom  goto 80
	test_or_star_expr  goto 57
	test  goto 59
	not_test  goto 66
	lambdef  goto 62
	or_test  goto 61
	and_test  goto 64
	comparison  goto 68
	testlist_star_expr  goto 391
	test_or_star_exprs  goto 49

state 327
	names:  names ',' NAME.    (147)

	.  reduce 147 (src line 1037)


state 328
	assert_stmt:  ASSERT test ',' test.    (153)

	.  reduce 153 (src line 1070)


state 329
	decorator:  '@' dotted_name optional_arglist_call NEWLINE.    (17)

	.  reduce 17 (src line 333)


state 330
	dotted_name:  dotted_name '.' NAME.    (145)

	.  reduce 145 (src line 1026)


state 331
	raise_stmt:  RAISE test FROM test.    (121)

	.  reduce 121 (src line 900)


state 332
	dotted_as_names:  dotted_as_names ',' dotted_as_name.    (143)

	.  reduce 143 (src line 1016)


state 333
	dotted_as_name:  dotted_name AS NAME.    (139)

	.  reduce 139 (src line 994)


state 334
	import_from:  FROM from_arg IMPORT import_from_arg.    (135)

	.  reduce 135 (src line 973)


state 335
	import_from_arg:  '*'.    (132)

	.  reduce 132 (src line 959)


state 336
	import_from_arg:  '('.import_as_names optional_comma ')' 

	NAME  shift 339
	.  error

	import_as_name  goto 338
	import_as_names  goto 392

state 337
	import_from_arg:  import_as_names.optional_comma 
	import_as_names:  import_as_names.',' import_as_name 
	optional_comma: .    (92)

	','  shift 394
	.  reduce 92 (src line 762)

	optional_comma  goto 393

state 338
	import_as_names:  import_as_name.    (140)

	.  reduce 140 (src line 999)


state 339
	import_as_name:  NAME.    (136)
	import_as_name:  NAME.AS NAME 

	AS  shift 395
	.  reduce 136 (src line 979)


state 340
	test:  or_test IF or_test ELSE.test 

	NAME  shift 84
	STRING  shift 91
	NUMBER  shift 85
	ELIPSIS  shift 87
	FALSE  shift 90
	NONE  shift 88
	TRUE  shift 89
	LAMBDA  shift 65
	NOT  shift 67
	'('  shift 81
	'['  shift 82
	'+'  shift 76
	'-'  shift 77
	'{'  shift 83
	'~'  shift 78
	.  error

	strings  goto 86
	expr  goto 69
	xor_expr  goto 70
	and_expr  goto 71
	shift_expr  goto 72
	arith_expr  goto 73
	term  goto 74
	factor  goto 75
	power  goto 79
	atom  goto 80
	test  goto 396
	not_test  goto 66
	lambdef  goto 62
	or_test  goto 61
	and_test  goto 64
	comparison  goto 68

state 341
	lambdef:  LAMBDA varargslist ':' test.    (193)

	.  reduce 193 (src line 1296)


state 342
	vfpdeftests1:  vfpdeftests1 ',' vfpdeftest.    (51)

	.  reduce 51 (src line 541)


state 343
	varargslist:  vfpdeftests1 ',' '*'.optional_vfpdef vfpdeftests 
	varargslist:  vfpdeftests1 ',' '*'.optional_vfpdef vfpdeftests ',' STARSTAR vfpdef 
	optional_vfpdef: .    (52)

	NAME  shift 167
	.  reduce 52 (src line 549)

	vfpdef  goto 262
	optional_vfpdef  goto 397

state 344
	varargslist:  vfpdeftests1 ',' STARSTAR.vfpdef 

	NAME  shift 167
	.  error

	vfpdef  goto 398

state 345
	vfpdeftests:  vfpdeftests.',' vfpdeftest 
	varargslist:  '*' optional_vfpdef vfpdeftests.    (58)
	varargslist:  '*' optional_vfpdef vfpdeftests.',' STARSTAR vfpdef 

	','  shift 399
	.  reduce 58 (src line 576)


state 346
	vfpdeftest:  vfpdef '=' test.    (47)

	.  reduce 47 (src line 512)


state 347
	power:  atom trailers STARSTAR factor.    (238)

	.  reduce 238 (src line 1531)


state 348
	trailer:  '(' ')'.    (259)

	.  reduce 259 (src line 1647)


state 349
	trailer:  '(' arglist.')' 

	')'  shift 400
	.  error


state 350
	trailer:  '[' subscriptlist.']' 

	']'  shift 401
	.  error


state 351
	subscripts:  subscripts.',' subscript 
	subscriptlist:  subscripts.optional_comma 
	optional_comma: .    (92)

	','  shift 402
	.  reduce 92 (src line 762)

	optional_comma  goto 403

state 352
	subscripts:  subscript.    (263)

	.  reduce 263 (src line 1679)


state 353
	subscript:  test.    (266)
	subscript:  test.':' 
	subscript:  test.':' sliceop 
	subscript:  test.':' test 
	subscript:  test.':' test sliceop 

	':'  shift 404
	.  reduce 266 (src line 1706)


state 354
	subscript:  ':'.    (267)
	subscript:  ':'.sliceop 
	subscript:  ':'.test 
	subscript:  ':'.test sliceop 

	NAME  shift 84
	STRING  shift 91
	NUMBER  shift 85
	ELIPSIS  shift 87
	FALSE  shift 90
	NONE  shift 88
	TRUE  shift 89
	LAMBDA  shift 65
	NOT  shift 67
	'('  shift 81
	'['  shift 82
	':'  shift 407
	'+'  shift 76
	'-'  shift 77
	'{'  shift 83
	'~'  shift 78
	.  reduce 267 (src line 1711)

	strings  goto 86
	expr  goto 69
	xor_expr  goto 70
	and_expr  goto 71
	shift_expr  goto 72
	arith_expr  goto 73
	term  goto 74
	factor  goto 75
	power  goto 79
	atom  goto 80
	test  goto 406
	not_test  goto 66
	lambdef  goto 62
	or_test  goto 61
	and_test  goto 64
	comparison  goto 68
	sliceop  goto 405

state 355
	trailer:  '.' NAME.    (262)

	.  reduce 262 (src line 1674)


state 356
	atom:  '(' test_or_star_expr comp_for ')'.    (245)

	.  reduce 245 (src line 1580)


state 357
	comp_for:  FOR exprlist.IN or_test 
	comp_for:  FOR exprlist.IN or_test comp_iter 

	IN  shift 408
	.  error


state 358
	atom:  '(' test_or_star_exprs optional_comma ')'.    (246)

	.  reduce 246 (src line 1584)


state 359
	atom:  '[' test_or_star_expr comp_for ']'.    (248)

	.  reduce 248 (src line 1592)


state 360
	atom:  '[' test_or_star_exprs optional_comma ']'.    (249)

	.  reduce 249 (src line 1596)


state 361
	test_colon_tests:  test_colon_tests ',' test.':' test 

	':'  shift 409
	.  error


state 362
	test_colon_tests:  test ':' test.    (284)
	dictorsetmaker:  test ':' test.comp_for 

	FOR  shift 286
	.  reduce 284 (src line 1800)

	comp_for  goto 410

state 363
	elifs:  elifs.ELIF test ':' suite 
	if_stmt:  IF test ':' suite elifs.optional_else 
	optional_else: .    (164)

	ELIF  shift 411
	ELSE  shift 365
	.  reduce 164 (src line 1126)

	optional_else  goto 412

state 364
	while_stmt:  WHILE test ':' suite optional_else.    (167)

	.  reduce 167 (src line 1156)


state 365
	optional_else:  ELSE.':' suite 

	':'  shift 413
	.  error


state 366
	for_stmt:  FOR exprlist IN testlist ':'.suite optional_else 

	NEWLINE  shift 226
	NAME  shift 84
	STRING  shift 91
	NUMBER  shift 85
	ELIPSIS  shift 87
	FALSE  shift 90
	NONE  shift 88
	TRUE  shift 89
	ASSERT  shift 47
	BREAK  shift 50
	CONTINUE  shift 51
	DEL  shift 36
	FROM  shift 56
	GLOBAL  shift 45
	IMPORT  shift 55
	LAMBDA  shift 65
	NONLOCAL  shift 46
	NOT  shift 67
	PASS  shift 37
	RAISE  shift 53
	RETURN  shift 52
	YIELD  shift 58
	'('  shift 81
	'['  shift 82
	'+'  shift 76
	'-'  shift 77
	'*'  shift 63
	'{'  shift 83
	'~'  shift 78
	.  error

	strings  goto 86
	simple_stmt  goto 225
	small_stmts  goto 8
	suite  goto 414
	small_stmt  goto 17
	expr_stmt  goto 26
	del_stmt  goto 27
	pass_stmt  goto 28
	flow_stmt  goto 29
	import_stmt  goto 30
	global_stmt  goto 31
	nonlocal_stmt  goto 32
	assert_stmt  goto 33
	break_stmt  goto 38
	continue_stmt  goto 39
	return_stmt  goto 40
	raise_stmt  goto 41
	yield_stmt  goto 42
	import_name  goto 43
	import_from  goto 44
	expr  goto 69
	star_expr  goto 60
	xor_expr  goto 70
	and_expr  goto 71
	shift_expr  goto 72
	arith_expr  goto 73
	term  goto 74
	factor  goto 75
	power  goto 79
	atom  goto 80
	test_or_star_expr  goto 57
	test  goto 59
	not_test  goto 66
	lambdef  goto 62
	or_test  goto 61
	and_test  goto 64
	comparison  goto 68
	testlist_star_expr  goto 35
	yield_expr  goto 54
	test_or_star_exprs  goto 49

state 367
	except_clauses:  except_clauses except_clause.':' suite 

	':'  shift 415
	.  error


state 368
	try_stmt:  TRY ':' suite except_clauses ELSE.':' suite 
	try_stmt:  TRY ':' suite except_clauses ELSE.':' suite FINALLY ':' suite 

	':'  shift 416
	.  error


state 369
	try_stmt:  TRY ':' suite except_clauses FINALLY.':' suite 

	':'  shift 417
	.  error


state 370
	except_clause:  EXCEPT.    (180)
	except_clause:  EXCEPT.test 
	except_clause:  EXCEPT.test AS NAME 

	NAME  shift 84
	STRING  shift 91
	NUMBER  shift 85
	ELIPSIS  shift 87
	FALSE  shift 90
	NONE  shift 88
	TRUE  shift 89
	LAMBDA  shift 65
	NOT  shift 67
	'('  shift 81
	'['  shift 82
	'+'  shift 76
	'-'  shift 77
	'{'  shift 83
	'~'  shift 78
	.  reduce 180 (src line 1228)

	strings  goto 86
	expr  goto 69
	xor_expr  goto 70
	and_expr  goto 71
	shift_expr  goto 72
	arith_expr  goto 73
	term  goto 74
	factor  goto 75
	power  goto 79
	atom  goto 80
	test  goto 418
	not_test  goto 66
	lambdef  goto 62
	or_test  goto 61
	and_test  goto 64
	comparison  goto 68

state 371
	stmts:  stmts.stmt 
	suite:  NEWLINE INDENT stmts.DEDENT 

	NAME  shift 84
	DEDENT  shift 420
	STRING  shift 91
	NUMBER  shift 85
	ELIPSIS  shift 87
	FALSE  shift 90
	NONE  shift 88
	TRUE  shift 89
	ASSERT  shift 47
	BREAK  shift 50
	CLASS  shift 24
	CONTINUE  shift 51
	DEF  shift 23
	DEL  shift 36
	FOR  shift 20
	FROM  shift 56
	GLOBAL  shift 45
	IF  shift 18
	IMPORT  shift 55
	LAMBDA  shift 65
	NONLOCAL  shift 46
	NOT  shift 67
	PASS  shift 37
	RAISE  shift 53
	RETURN  shift 52
	TRY  shift 21
	WHILE  shift 19
	WITH  shift 22
	YIELD  shift 58
	'('  shift 81
	'['  shift 82
	'+'  shift 76
	'-'  shift 77
	'*'  shift 63
	'{'  shift 83
	'~'  shift 78
	'@'  shift 48
	.  error

	strings  goto 86
	simple_stmt  goto 212
	stmt  goto 419
	small_stmts  goto 8
	compound_stmt  goto 213
	small_stmt  goto 17
	expr_stmt  goto 26
	del_stmt  goto 27
	pass_stmt  goto 28
	flow_stmt  goto 29
	import_stmt  goto 30
	global_stmt  goto 31
	nonlocal_stmt  goto 32
	assert_stmt  goto 33
	break_stmt  goto 38
	continue_stmt  goto 39
	return_stmt  goto 40
	raise_stmt  goto 41
	yield_stmt  goto 42
	import_name  goto 43
	import_from  goto 44
	while_stmt  goto 10
	if_stmt  goto 9
	for_stmt  goto 11
	try_stmt  goto 12
	with_stmt  goto 13
	funcdef  goto 14
	classdef  goto 15
	decorated  goto 16
	expr  goto 69
	star_expr  goto 60
	xor_expr  goto 70
	and_expr  goto 71
	shift_expr  goto 72
	arith_expr  goto 73
	term  goto 74
	factor  goto 75
	power  goto 79
	atom  goto 80
	test_or_star_expr  goto 57
	test  goto 59
	not_test  goto 66
	lambdef  goto 62
	or_test  goto 61
	and_test  goto 64
	comparison  goto 68
	testlist_star_expr  goto 35
	yield_expr  goto 54
	decorator  goto 34
	test_or_star_exprs  goto 49
	decorators  goto 25

state 372
	stmts:  stmt.    (183)

	.  reduce 183 (src line 1245)


state 373
	funcdef:  DEF NAME parameters optional_return_type ':'.suite 

	NEWLINE  shift 226
	NAME  shift 84
	STRING  shift 91
	NUMBER  shift 85
	ELIPSIS  shift 87
	FALSE  shift 90
	NONE  shift 88
	TRUE  shift 89
	ASSERT  shift 47
	BREAK  shift 50
	CONTINUE  shift 51
	DEL  shift 36
	FROM  shift 56
	GLOBAL  shift 45
	IMPORT  shift 55
	LAMBDA  shift 65
	NONLOCAL  shift 46
	NOT  shift 67
	PASS  shift 37
	RAISE  shift 53
	RETURN  shift 52
	YIELD  shift 58
	'('  shift 81
	'['  shift 82
	'+'  shift 76
	'-'  shift 77
	'*'  shift 63
	'{'  shift 83
	'~'  shift 78
	.  error

	strings  goto 86
	simple_stmt  goto 225
	small_stmts  goto 8
	suite  goto 421
	small_stmt  goto 17
	expr_stmt  goto 26
	del_stmt  goto 27
	pass_stmt  goto 28
	flow_stmt  goto 29
	import_stmt  goto 30
	global_stmt  goto 31
	nonlocal_stmt  goto 32
	assert_stmt  goto 33
	break_stmt  goto 38
	continue_stmt  goto 39
	return_stmt  goto 40
	raise_stmt  goto 41
	yield_stmt  goto 42
	import_name  goto 43
	import_from  goto 44
	expr  goto 69
	star_expr  goto 60
	xor_expr  goto 70
	and_expr  goto 71
	shift_expr  goto 72
	arith_expr  goto 73
	term  goto 74
	factor  goto 75
	power  goto 79
	atom  goto 80
	test_or_star_expr  goto 57
	test  goto 59
	not_test  goto 66
	lambdef  goto 62
	or_test  goto 61
	and_test  goto 64
	comparison  goto 68
	testlist_star_expr  goto 35
	yield_expr  goto 54
	test_or_star_exprs  goto 49

state 374
	optional_return_type:  MINUSGT test.    (24)

	.  reduce 24 (src line 386)


state 375
	parameters:  '(' optional_typedargslist ')'.    (26)

	.  reduce 26 (src line 397)


state 376
	tfpdeftests1:  tfpdeftests1 ','.tfpdeftest 
	typedargslist:  tfpdeftests1 ','.'*' optional_tfpdef tfpdeftests 
	typedargslist:  tfpdeftests1 ','.'*' optional_tfpdef tfpdeftests ',' STARSTAR tfpdef 
	typedargslist:  tfpdeftests1 ','.STARSTAR tfpdef 
	optional_comma:  ','.    (93)

	NAME  shift 317
	STARSTAR  shift 424
	'*'  shift 423
	.  reduce 93 (src line 766)

	tfpdeftest  goto 422
	tfpdef  goto 316

state 377
	typedargslist:  tfpdeftests1 optional_comma.    (37)

	.  reduce 37 (src line 466)


state 378
	typedargslist:  '*' optional_tfpdef.tfpdeftests 
	typedargslist:  '*' optional_tfpdef.tfpdeftests ',' STARSTAR tfpdef 
	tfpdeftests: .    (31)

	.  reduce 31 (src line 425)

	tfpdeftests  goto 425

state 379
	optional_tfpdef:  tfpdef.    (36)

	.  reduce 36 (src line 460)


state 380
	typedargslist:  STARSTAR tfpdef.    (43)

	.  reduce 43 (src line 491)


state 381
	tfpdeftest:  tfpdef '='.test 

	NAME  shift 84
	STRING  shift 91
	NUMBER  shift 85
	ELIPSIS  shift 87
	FALSE  shift 90
	NONE  shift 88
	TRUE  shift 89
	LAMBDA  shift 65
	NOT  shift 67
	'('  shift 81
	'['  shift 82
	'+'  shift 76
	'-'  shift 77
	'{'  shift 83
	'~'  shift 78
	.  error

	strings  goto 86
	expr  goto 69
	xor_expr  goto 70
	and_expr  goto 71
	shift_expr  goto 72
	arith_expr  goto 73
	term  goto 74
	factor  goto 75
	power  goto 79
	atom  goto 80
	test  goto 426
	not_test  goto 66
	lambdef  goto 62
	or_test  goto 61
	and_test  goto 64
	comparison  goto 68

state 382
	tfpdef:  NAME ':'.test 

	NAME  shift 84
	STRING  shift 91
	NUMBER  shift 85
	ELIPSIS  shift 87
	FALSE  shift 90
	NONE  shift 88
	TRUE  shift 89
	LAMBDA  shift 65
	NOT  shift 67
	'('  shift 81
	'['  shift 82
	'+'  shift 76
	'-'  shift 77
	'{'  shift 83
	'~'  shift 78
	.  error

	strings  goto 86
	expr  goto 69
	xor_expr  goto 70
	and_expr  goto 71
	shift_expr  goto 72
	arith_expr  goto 73
	term  goto 74
	factor  goto 75
	power  goto 79
	atom  goto 80
	test  goto 427
	not_test  goto 66
	lambdef  goto 62
	or_test  goto 61
	and_test  goto 64
	comparison  goto 68

state 383
	classdef:  CLASS NAME optional_arglist_call ':' suite.    (290)

	.  reduce 290 (src line 1835)


state 384
	optional_arglist_call:  '(' optional_arglist ')'.    (16)

	.  reduce 16 (src line 328)


state 385
	optional_comma:  ','.    (93)
	arguments:  arguments ','.argument 
	optional_arguments:  arguments ','.    (294)

	NAME  shift 84
	STRING  shift 91
	NUMBER  shift 85
	ELIPSIS  shift 87
	FALSE  shift 90
	NONE  shift 88
	TRUE  shift 89
	LAMBDA  shift 65
	NOT  shift 67
	'('  shift 81
	')'  reduce 93 (src line 766)
	'['  shift 82
	'+'  shift 76
	'-'  shift 77
	'{'  shift 83
	'~'  shift 78
	.  reduce 294 (src line 1864)

	strings  goto 86
	expr  goto 69
	xor_expr  goto 70
	and_expr  goto 71
	shift_expr  goto 72
	arith_expr  goto 73
	term  goto 74
	factor  goto 75
	power  goto 79
	atom  goto 80
	test  goto 324
	not_test  goto 66
	lambdef  goto 62
	or_test  goto 61
	and_test  goto 64
	comparison  goto 68
	argument  goto 428

state 386
	arglist:  arguments optional_comma.    (297)

	.  reduce 297 (src line 1879)


state 387
	arglist:  optional_arguments '*'.test arguments2 
	arglist:  optional_arguments '*'.test arguments2 ',' STARSTAR test 

	NAME  shift 84
	STRING  shift 91
	NUMBER  shift 85
	ELIPSIS  shift 87
	FALSE  shift 90
	NONE  shift 88
	TRUE  shift 89
	LAMBDA  shift 65
	NOT  shift 67
	'('  shift 81
	'['  shift 82
	'+'  shift 76
	'-'  shift 77
	'{'  shift 83
	'~'  shift 78
	.  error

	strings  goto 86
	expr  goto 69
	xor_expr  goto 70
	and_expr  goto 71
	shift_expr  goto 72
	arith_expr  goto 73
	term  goto 74
	factor  goto 75
	power  goto 79
	atom  goto 80
	test  goto 429
	not_test  goto 66
	lambdef  goto 62
	or_test  goto 61
	and_test  goto 64
	comparison  goto 68

state 388
	arglist:  optional_arguments STARSTAR.test 

	NAME  shift 84
	STRING  shift 91
	NUMBER  shift 85
	ELIPSIS  shift 87
	FALSE  shift 90
	NONE  shift 88
	TRUE  shift 89
	LAMBDA  shift 65
	NOT  shift 67
	'('  shift 81
	'['  shift 82
	'+'  shift 76
	'-'  shift 77
	'{'  shift 83
	'~'  shift 78
	.  error

	strings  goto 86
	expr  goto 69
	xor_expr  goto 70
	and_expr  goto 71
	shift_expr  goto 72
	arith_expr  goto 73
	term  goto 74
	factor  goto 75
	power  goto 79
	atom  goto 80
	test  goto 430
	not_test  goto 66
	lambdef  goto 62
	or_test  goto 61
	and_test  goto 64
	comparison  goto 68

state 389
	argument:  test comp_for.    (302)

	.  reduce 302 (src line 1920)


state 390
	argument:  test '='.test 

	NAME  shift 84
	STRING  shift 91
	NUMBER  shift 85
	ELIPSIS  shift 87
	FALSE  shift 90
	NONE  shift 88
	TRUE  shift 89
	LAMBDA  shift 65
	NOT  shift 67
	'('  shift 81
	'['  shift 82
	'+'  shift 76
	'-'  shift 77
	'{'  shift 83
	'~'  shift 78
	.  error

	strings  goto 86
	expr  goto 69
	xor_expr  goto 70
	and_expr  goto 71
	shift_expr  goto 72
	arith_expr  goto 73
	term  goto 74
	factor  goto 75
	power  goto 79
	atom  goto 80
	test  goto 431
	not_test  goto 66
	lambdef  goto 62
	or_test  goto 61
	and_test  goto 64
	comparison  goto 68

state 391
	expr_stmt:  testlist_star_expr ':' test '=' testlist_star_expr.    (81)

	.  reduce 81 (src line 704)


state 392
	import_from_arg:  '(' import_as_names.optional_comma ')' 
	import_as_names:  import_as_names.',' import_as_name 
	optional_comma: .    (92)

	','  shift 394
	.  reduce 92 (src line 762)

	optional_comma  goto 432

state 393
	import_from_arg:  import_as_names optional_comma.    (134)

	.  reduce 134 (src line 968)


state 394
	optional_comma:  ','.    (93)
	import_as_names:  import_as_names ','.import_as_name 

	NAME  shift 339
	.  reduce 93 (src line 766)

	import_as_name  goto 433

state 395
	import_as_name:  NAME AS.NAME 

	NAME  shift 434
	.  error


state 396
	test:  or_test IF or_test ELSE test.    (188)

	.  reduce 188 (src line 1271)


state 397
	varargslist:  vfpdeftests1 ',' '*' optional_vfpdef.vfpdeftests 
	varargslist:  vfpdeftests1 ',' '*' optional_vfpdef.vfpdeftests ',' STARSTAR vfpdef 
	vfpdeftests: .    (48)

	.  reduce 48 (src line 518)

	vfpdeftests  goto 435

state 398
	varargslist:  vfpdeftests1 ',' STARSTAR vfpdef.    (57)

	.  reduce 57 (src line 572)


state 399
	vfpdeftests:  vfpdeftests ','.vfpdeftest 
	varargslist:  '*' optional_vfpdef vfpdeftests ','.STARSTAR vfpdef 

	NAME  shift 167
	STARSTAR  shift 437
	.  error

	vfpdeftest  goto 436
	vfpdef  goto 166

state 400
	trailer:  '(' arglist ')'.    (260)

	.  reduce 260 (src line 1652)


state 401
	trailer:  '[' subscriptlist ']'.    (261)

	.  reduce 261 (src line 1656)


state 402
	optional_comma:  ','.    (93)
	subscripts:  subscripts ','.subscript 

	NAME  shift 84
	STRING  shift 91
	NUMBER  shift 85
	ELIPSIS  shift 87
	FALSE  shift 90
	NONE  shift 88
	TRUE  shift 89
	LAMBDA  shift 65
	NOT  shift 67
	'('  shift 81
	'['  shift 82
	':'  shift 354
	'+'  shift 76
	'-'  shift 77
	'{'  shift 83
	'~'  shift 78
	.  reduce 93 (src line 766)

	strings  goto 86
	expr  goto 69
	xor_expr  goto 70
	and_expr  goto 71
	shift_expr  goto 72
	arith_expr  goto 73
	term  goto 74
	factor  goto 75
	power  goto 79
	atom  goto 80
	test  goto 353
	not_test  goto 66
	lambdef  goto 62
	or_test  goto 61
	and_test  goto 64
	comparison  goto 68
	subscript  goto 438

state 403
	subscriptlist:  subscripts optional_comma.    (265)

	.  reduce 265 (src line 1696)


state 404
	subscript:  test ':'.    (271)
	subscript:  test ':'.sliceop 
	subscript:  test ':'.test 
	subscript:  test ':'.test sliceop 

	NAME  shift 84
	STRING  shift 91
	NUMBER  shift 85
	ELIPSIS  shift 87
	FALSE  shift 90
	NONE  shift 88
	TRUE  shift 89
	LAMBDA  shift 65
	NOT  shift 67
	'('  shift 81
	'['  shift 82
	':'  shift 407
	'+'  shift 76
	'-'  shift 77
	'{'  shift 83
	'~'  shift 78
	.  reduce 271 (src line 1727)

	strings  goto 86
	expr  goto 69
	xor_expr  goto 70
	and_expr  goto 71
	shift_expr  goto 72
	arith_expr  goto 73
	term  goto 74
	factor  goto 75
	power  goto 79
	atom  goto 80
	test  goto 440
	not_test  goto 66
	lambdef  goto 62
	or_test  goto 61
	and_test  goto 64
	comparison  goto 68
	sliceop  goto 439

state 405
	subscript:  ':' sliceop.    (268)

	.  reduce 268 (src line 1715)


state 406
	subscript:  ':' test.    (269)
	subscript:  ':' test.sliceop 

	':'  shift 407
	.  reduce 269 (src line 1719)

	sliceop  goto 441

state 407
	sliceop:  ':'.    (275)
	sliceop:  ':'.test 

	NAME  shift 84
	STRING  shift 91
	NUMBER  shift 85
	ELIPSIS  shift 87
	FALSE  shift 90
	NONE  shift 88
	TRUE  shift 89
	LAMBDA  shift 65
	NOT  shift 67
	'('  shift 81
	'['  shift 82
	'+'  shift 76
	'-'  shift 77
	'{'  shift 83
	'~'  shift 78
	.  reduce 275 (src line 1744)

	strings  goto 86
	expr  goto 69
	xor_expr  goto 70
	and_expr  goto 71
	shift_expr  goto 72
	arith_expr  goto 73
	term  goto 74
	factor  goto 75
	power  goto 79
	atom  goto 80
	test  goto 442
	not_test  goto 66
	lambdef  goto 62
	or_test  goto 61
	and_test  goto 64
	comparison  goto 68

state 408
	comp_for:  FOR exprlist IN.or_test 
	comp_for:  FOR exprlist IN.or_test comp_iter 

	NAME  shift 84
	STRING  shift 91
	NUMBER  shift 85
	ELIPSIS  shift 87
	FALSE  shift 90
	NONE  shift 88
	TRUE  shift 89
	NOT  shift 67
	'('  shift 81
	'['  shift 82
	'+'  shift 76
	'-'  shift 77
	'{'  shift 83
	'~'  shift 78
	.  error

	strings  goto 86
	expr  goto 69
	xor_expr  goto 70
	and_expr  goto 71
	shift_expr  goto 72
	arith_expr  goto 73
	term  goto 74
	factor  goto 75
	power  goto 79
	atom  goto 80
	not_test  goto 66
	or_test  goto 443
	and_test  goto 64
	comparison  goto 68

state 409
	test_colon_tests:  test_colon_tests ',' test ':'.test 

	NAME  shift 84
	STRING  shift 91
	NUMBER  shift 85
	ELIPSIS  shift 87
	FALSE  shift 90
	NONE  shift 88
	TRUE  shift 89
	LAMBDA  shift 65
	NOT  shift 67
	'('  shift 81
	'['  shift 82
	'+'  shift 76
	'-'  shift 77
	'{'  shift 83
	'~'  shift 78
	.  error

	strings  goto 86
	expr  goto 69
	xor_expr  goto 70
	and_expr  goto 71
	shift_expr  goto 72
	arith_expr  goto 73
	term  goto 74
	factor  goto 75
	power  goto 79
	atom  goto 80
	test  goto 444
	not_test  goto 66
	lambdef  goto 62
	or_test  goto 61
	and_test  goto 64
	comparison  goto 68

state 410
	dictorsetmaker:  test ':' test comp_for.    (287)

	.  reduce 287 (src line 1822)


state 411
	elifs:  elifs ELIF.test ':' suite 

	NAME  shift 84
	STRING  shift 91
	NUMBER  shift 85
	ELIPSIS  shift 87
	FALSE  shift 90
	NONE  shift 88
	TRUE  shift 89
	LAMBDA  shift 65
	NOT  shift 67
	'('  shift 81
	'['  shift 82
	'+'  shift 76
	'-'  shift 77
	'{'  shift 83
	'~'  shift 78
	.  error

	strings  goto 86
	expr  goto 69
	xor_expr  goto 70
	and_expr  goto 71
	shift_expr  goto 72
	arith_expr  goto 73
	term  goto 74
	factor  goto 75
	power  goto 79
	atom  goto 80
	test  goto 445
	not_test  goto 66
	lambdef  goto 62
	or_test  goto 61
	and_test  goto 64
	comparison  goto 68

state 412
	if_stmt:  IF test ':' suite elifs optional_else.    (166)

	.  reduce 166 (src line 1135)


state 413
	optional_else:  ELSE ':'.suite 

	NEWLINE  shift 226
	NAME  shift 84
	STRING  shift 91
	NUMBER  shift 85
	ELIPSIS  shift 87
	FALSE  shift 90
	NONE  shift 88
	TRUE  shift 89
	ASSERT  shift 47
	BREAK  shift 50
	CONTINUE  shift 51
	DEL  shift 36
	FROM  shift 56
	GLOBAL  shift 45
	IMPORT  shift 55
	LAMBDA  shift 65
	NONLOCAL  shift 46
	NOT  shift 67
	PASS  shift 37
	RAISE  shift 53
	RETURN  shift 52
	YIELD  shift 58
	'('  shift 81
	'['  shift 82
	'+'  shift 76
	'-'  shift 77
	'*'  shift 63
	'{'  shift 83
	'~'  shift 78
	.  error

	strings  goto 86
	simple_stmt  goto 225
	small_stmts  goto 8
	suite  goto 446
	small_stmt  goto 17
	expr_stmt  goto 26
	del_stmt  goto 27
	pass_stmt  goto 28
	flow_stmt  goto 29
	import_stmt  goto 30
	global_stmt  goto 31
	nonlocal_stmt  goto 32
	assert_stmt  goto 33
	break_stmt  goto 38
	continue_stmt  goto 39
	return_stmt  goto 40
	raise_stmt  goto 41
	yield_stmt  goto 42
	import_name  goto 43
	import_from  goto 44
	expr  goto 69
	star_expr  goto 60
	xor_expr  goto 70
	and_expr  goto 71
	shift_expr  goto 72
	arith_expr  goto 73
	term  goto 74
	factor  goto 75
	power  goto 79
	atom  goto 80
	test_or_star_expr  goto 57
	test  goto 59
	not_test  goto 66
	lambdef  goto 62
	or_test  goto 61
	and_test  goto 64
	comparison  goto 68
	testlist_star_expr  goto 35
	yield_expr  goto 54
	test_or_star_exprs  goto 49

state 414
	for_stmt:  FOR exprlist IN testlist ':' suite.optional_else 
	optional_else: .    (164)

	ELSE  shift 365
	.  reduce 164 (src line 1126)

	optional_else  goto 447

state 415
	except_clauses:  except_clauses except_clause ':'.suite 

	NEWLINE  shift 226
	NAME  shift 84
	STRING  shift 91
	NUMBER  shift 85
	ELIPSIS  shift 87
	FALSE  shift 90
	NONE  shift 88
	TRUE  shift 89
	ASSERT  shift 47
	BREAK  shift 50
	CONTINUE  shift 51
	DEL  shift 36
	FROM  shift 56
	GLOBAL  shift 45
	IMPORT  shift 55
	LAMBDA  shift 65
	NONLOCAL  shift 46
	NOT  shift 67
	PASS  shift 37
	RAISE  shift 53
	RETURN  shift 52
	YIELD  shift 58
	'('  shift 81
	'['  shift 82
	'+'  shift 76
	'-'  shift 77
	'*'  shift 63
	'{'  shift 83
	'~'  shift 78
	.  error

	strings  goto 86
	simple_stmt  goto 225
	small_stmts  goto 8
	suite  goto 448
	small_stmt  goto 17
	expr_stmt  goto 26
	del_stmt  goto 27
	pass_stmt  goto 28
	flow_stmt  goto 29
	import_stmt  goto 30
	global_stmt  goto 31
	nonlocal_stmt  goto 32
	assert_stmt  goto 33
	break_stmt  goto 38
	continue_stmt  goto 39
	return_stmt  goto 40
	raise_stmt  goto 41
	yield_stmt  goto 42
	import_name  goto 43
	import_from  goto 44
	expr  goto 69
	star_expr  goto 60
	xor_expr  goto 70
	and_expr  goto 71
	shift_expr  goto 72
	arith_expr  goto 73
	term  goto 74
	factor  goto 75
	power  goto 79
	atom  goto 80
	test_or_star_expr  goto 57
	test  goto 59
	not_test  goto 66
	lambdef  goto 62
	or_test  goto 61
	and_test  goto 64
	comparison  goto 68
	testlist_star_expr  goto 35
	yield_expr  goto 54
	test_or_star_exprs  goto 49

state 416
	try_stmt:  TRY ':' suite except_clauses ELSE ':'.suite 
	try_stmt:  TRY ':' suite except_clauses ELSE ':'.suite FINALLY ':' suite 

	NEWLINE  shift 226
	NAME  shift 84
	STRING  shift 91
	NUMBER  shift 85
	ELIPSIS  shift 87
	FALSE  shift 90
	NONE  shift 88
	TRUE  shift 89
	ASSERT  shift 47
	BREAK  shift 50
	CONTINUE  shift 51
	DEL  shift 36
	FROM  shift 56
	GLOBAL  shift 45
	IMPORT  shift 55
	LAMBDA  shift 65
	NONLOCAL  shift 46
	NOT  shift 67
	PASS  shift 37
	RAISE  shift 53
	RETURN  shift 52
	YIELD  shift 58
	'('  shift 81
	'['  shift 82
	'+'  shift 76
	'-'  shift 77
	'*'  shift 63
	'{'  shift 83
	'~'  shift 78
	.  error

	strings  goto 86
	simple_stmt  goto 225
	small_stmts  goto 8
	suite  goto 449
	small_stmt  goto 17
	expr_stmt  goto 26
	del_stmt  goto 27
	pass_stmt  goto 28
	flow_stmt  goto 29
	import_stmt  goto 30
	global_stmt  goto 31
	nonlocal_stmt  goto 32
	assert_stmt  goto 33
	break_stmt  goto 38
	continue_stmt  goto 39
	return_stmt  goto 40
	raise_stmt  goto 41
	yield_stmt  goto 42
	import_name  goto 43
	import_from  goto 44
	expr  goto 69
	star_expr  goto 60
	xor_expr  goto 70
	and_expr  goto 71
	shift_expr  goto 72
	arith_expr  goto 73
	term  goto 74
	factor  goto 75
	power  goto 79
	atom  goto 80
	test_or_star_expr  goto 57
	test  goto 59
	not_test  goto 66
	lambdef  goto 62
	or_test  goto 61
	and_test  goto 64
	comparison  goto 68
	testlist_star_expr  goto 35
	yield_expr  goto 54
	test_or_star_exprs  goto 49

state 417
	try_stmt:  TRY ':' suite except_clauses FINALLY ':'.suite 

	NEWLINE  shift 226
	NAME  shift 84
	STRING  shift 91
	NUMBER  shift 85
	ELIPSIS  shift 87
	FALSE  shift 90
	NONE  shift 88
	TRUE  shift 89
	ASSERT  shift 47
	BREAK  shift 50
	CONTINUE  shift 51
	DEL  shift 36
	FROM  shift 56
	GLOBAL  shift 45
	IMPORT  shift 55
	LAMBDA  shift 65
	NONLOCAL  shift 46
	NOT  shift 67
	PASS  shift 37
	RAISE  shift 53
	RETURN  shift 52
	YIELD  shift 58
	'('  shift 81
	'['  shift 82
	'+'  shift 76
	'-'  shift 77
	'*'  shift 63
	'{'  shift 83
	'~'  shift 78
	.  error

	strings  goto 86
	simple_stmt  goto 225
	small_stmts  goto 8
	suite  goto 450
	small_stmt  goto 17
	expr_stmt  goto 26
	del_stmt  goto 27
	pass_stmt  goto 28
	flow_stmt  goto 29
	import_stmt  goto 30
	global_stmt  goto 31
	nonlocal_stmt  goto 32
	assert_stmt  goto 33
	break_stmt  goto 38
	continue_stmt  goto 39
	return_stmt  goto 40
	raise_stmt  goto 41
	yield_stmt  goto 42
	import_name  goto 43
	import_from  goto 44
	expr  goto 69
	star_expr  goto 60
	xor_expr  goto 70
	and_expr  goto 71
	shift_expr  goto 72
	arith_expr  goto 73
	term  goto 74
	factor  goto 75
	power  goto 79
	atom  goto 80
	test_or_star_expr  goto 57
	test  goto 59
	not_test  goto 66
	lambdef  goto 62
	or_test  goto 61
	and_test  goto 64
	comparison  goto 68
	testlist_star_expr  goto 35
	yield_expr  goto 54
	test_or_star_exprs  goto 49

state 418
	except_clause:  EXCEPT test.    (181)
	except_clause:  EXCEPT test.AS NAME 

	AS  shift 451
	.  reduce 181 (src line 1234)


state 419
	stmts:  stmts stmt.    (184)

	.  reduce 184 (src line 1251)


state 420
	suite:  NEWLINE INDENT stmts DEDENT.    (186)

	.  reduce 186 (src line 1261)


state 421
	funcdef:  DEF NAME parameters optional_return_type ':' suite.    (25)

	.  reduce 25 (src line 391)


state 422
	tfpdeftests1:  tfpdeftests1 ',' tfpdeftest.    (34)

	.  reduce 34 (src line 448)


state 423
	typedargslist:  tfpdeftests1 ',' '*'.optional_tfpdef tfpdeftests 
	typedargslist:  tfpdeftests1 ',' '*'.optional_tfpdef tfpdeftests ',' STARSTAR tfpdef 
	optional_tfpdef: .    (35)

	NAME  shift 317
	.  reduce 35 (src line 456)

	tfpdef  goto 379
	optional_tfpdef  goto 452

state 424
	typedargslist:  tfpdeftests1 ',' STARSTAR.tfpdef 

	NAME  shift 317
	.  error

	tfpdef  goto 453

state 425
	tfpdeftests:  tfpdeftests.',' tfpdeftest 
	typedargslist:  '*' optional_tfpdef tfpdeftests.    (41)
	typedargslist:  '*' optional_tfpdef tfpdeftests.',' STARSTAR tfpdef 

	','  shift 454
	.  reduce 41 (src line 483)


state 426
	tfpdeftest:  tfpdef '=' test.    (30)

	.  reduce 30 (src line 419)


state 427
	tfpdef:  NAME ':' test.    (45)

	.  reduce 45 (src line 501)


state 428
	arguments:  arguments ',' argument.    (292)

	.  reduce 292 (src line 1854)


state 429
	arglist:  optional_arguments '*' test.arguments2 
	arglist:  optional_arguments '*' test.arguments2 ',' STARSTAR test 
	arguments2: .    (295)

	.  reduce 295 (src line 1869)

	arguments2  goto 455

state 430
	arglist:  optional_arguments STARSTAR test.    (300)

	.  reduce 300 (src line 1905)


state 431
	argument:  test '=' test.    (303)

	.  reduce 303 (src line 1927)


state 432
	import_from_arg:  '(' import_as_names optional_comma.')' 

	')'  shift 456
	.  error


state 433
	import_as_names:  import_as_names ',' import_as_name.    (141)

	.  reduce 141 (src line 1005)


state 434
	import_as_name:  NAME AS NAME.    (137)

	.  reduce 137 (src line 984)


state 435
	vfpdeftests:  vfpdeftests.',' vfpdeftest 
	varargslist:  vfpdeftests1 ',' '*' optional_vfpdef vfpdeftests.    (55)
	varargslist:  vfpdeftests1 ',' '*' optional_vfpdef vfpdeftests.',' STARSTAR vfpdef 

	','  shift 457
	.  reduce 55 (src line 564)


state 436
	vfpdeftests:  vfpdeftests ',' vfpdeftest.    (49)

	.  reduce 49 (src line 523)


state 437
	varargslist:  '*' optional_vfpdef vfpdeftests ',' STARSTAR.vfpdef 

	NAME  shift 167
	.  error

	vfpdef  goto 458

state 438
	subscripts:  subscripts ',' subscript.    (264)

	.  reduce 264 (src line 1685)


state 439
	subscript:  test ':' sliceop.    (272)

	.  reduce 272 (src line 1731)


state 440
	subscript:  test ':' test.    (273)
	subscript:  test ':' test.sliceop 

	':'  shift 407
	.  reduce 273 (src line 1735)

	sliceop  goto 459

state 441
	subscript:  ':' test sliceop.    (270)

	.  reduce 270 (src line 1723)


state 442
	sliceop:  ':' test.    (276)

	.  reduce 276 (src line 1749)


state 443
	or_test:  or_test.OR and_test 
	comp_for:  FOR exprlist IN or_test.    (306)
	comp_for:  FOR exprlist IN or_test.comp_iter 

	FOR  shift 286
	IF  shift 463
	OR  shift 157
	.  reduce 306 (src line 1950)

	comp_if  goto 462
	comp_iter  goto 460
	comp_for  goto 461

state 444
	test_colon_tests:  test_colon_tests ',' test ':' test.    (285)

	.  reduce 285 (src line 1806)


state 445
	elifs:  elifs ELIF test.':' suite 

	':'  shift 464
	.  error


state 446
	optional_else:  ELSE ':' suite.    (165)

	.  reduce 165 (src line 1130)


state 447
	for_stmt:  FOR exprlist IN testlist ':' suite optional_else.    (168)

	.  reduce 168 (src line 1162)


state 448
	except_clauses:  except_clauses except_clause ':' suite.    (170)

	.  reduce 170 (src line 1174)


state 449
	try_stmt:  TRY ':' suite except_clauses ELSE ':' suite.    (172)
	try_stmt:  TRY ':' suite except_clauses ELSE ':' suite.FINALLY ':' suite 

	FINALLY  shift 465
	.  reduce 172 (src line 1185)


state 450
	try_stmt:  TRY ':' suite except_clauses FINALLY ':' suite.    (173)

	.  reduce 173 (src line 1189)


state 451
	except_clause:  EXCEPT test AS.NAME 

	NAME  shift 466
	.  error


state 452
	typedargslist:  tfpdeftests1 ',' '*' optional_tfpdef.tfpdeftests 
	typedargslist:  tfpdeftests1 ',' '*' optional_tfpdef.tfpdeftests ',' STARSTAR tfpdef 
	tfpdeftests: .    (31)

	.  reduce 31 (src line 425)

	tfpdeftests  goto 467

state 453
	typedargslist:  tfpdeftests1 ',' STARSTAR tfpdef.    (40)

	.  reduce 40 (src line 479)


state 454
	tfpdeftests:  tfpdeftests ','.tfpdeftest 
	typedargslist:  '*' optional_tfpdef tfpdeftests ','.STARSTAR tfpdef 

	NAME  shift 317
	STARSTAR  shift 469
	.  error

	tfpdeftest  goto 468
	tfpdef  goto 316

state 455
	arguments2:  arguments2.',' argument 
	arglist:  optional_arguments '*' test arguments2.    (298)
	arglist:  optional_arguments '*' test arguments2.',' STARSTAR test 

	','  shift 470
	.  reduce 298 (src line 1884)


state 456
	import_from_arg:  '(' import_as_names optional_comma ')'.    (133)

	.  reduce 133 (src line 964)


state 457
	vfpdeftests:  vfpdeftests ','.vfpdeftest 
	varargslist:  vfpdeftests1 ',' '*' optional_vfpdef vfpdeftests ','.STARSTAR vfpdef 

	NAME  shift 167
	STARSTAR  shift 471
	.  error

	vfpdeftest  goto 436
	vfpdef  goto 166

state 458
	varargslist:  '*' optional_vfpdef vfpdeftests ',' STARSTAR vfpdef.    (59)

	.  reduce 59 (src line 580)


state 459
	subscript:  test ':' test sliceop.    (274)

	.  reduce 274 (src line 1739)


state 460
	comp_for:  FOR exprlist IN or_test comp_iter.    (307)

	.  reduce 307 (src line 1960)


state 461
	comp_iter:  comp_for.    (304)

	.  reduce 304 (src line 1938)


state 462
	comp_iter:  comp_if.    (305)

	.  reduce 305 (src line 1944)


state 463
	comp_if:  IF.test_nocond 
	comp_if:  IF.test_nocond comp_iter 

	NAME  shift 84
	STRING  shift 91
	NUMBER  shift 85
	ELIPSIS  shift 87
	FALSE  shift 90
	NONE  shift 88
	TRUE  shift 89
	LAMBDA  shift 475
	NOT  shift 67
	'('  shift 81
	'['  shift 82
	'+'  shift 76
	'-'  shift 77
	'{'  shift 83
	'~'  shift 78
	.  error

	strings  goto 86
	expr  goto 69
	xor_expr  goto 70
	and_expr  goto 71
	shift_expr  goto 72
	arith_expr  goto 73
	term  goto 74
	factor  goto 75
	power  goto 79
	atom  goto 80
	not_test  goto 66
	test_nocond  goto 472
	lambdef_nocond  goto 474
	or_test  goto 473
	and_test  goto 64
	comparison  goto 68

state 464
	elifs:  elifs ELIF test ':'.suite 

	NEWLINE  shift 226
	NAME  shift 84
	STRING  shift 91
	NUMBER  shift 85
	ELIPSIS  shift 87
	FALSE  shift 90
	NONE  shift 88
	TRUE  shift 89
	ASSERT  shift 47
	BREAK  shift 50
	CONTINUE  shift 51
	DEL  shift 36
	FROM  shift 56
	GLOBAL  shift 45
	IMPORT  shift 55
	LAMBDA  shift 65
	NONLOCAL  shift 46
	NOT  shift 67
	PASS  shift 37
	RAISE  shift 53
	RETURN  shift 52
	YIELD  shift 58
	'('  shift 81
	'['  shift 82
	'+'  shift 76
	'-'  shift 77
	'*'  shift 63
	'{'  shift 83
	'~'  shift 78
	.  error

	strings  goto 86
	simple_stmt  goto 225
	small_stmts  goto 8
	suite  goto 476
	small_stmt  goto 17
	expr_stmt  goto 26
	del_stmt  goto 27
	pass_stmt  goto 28
	flow_stmt  goto 29
	import_stmt  goto 30
	global_stmt  goto 31
	nonlocal_stmt  goto 32
	assert_stmt  goto 33
	break_stmt  goto 38
	continue_stmt  goto 39
	return_stmt  goto 40
	raise_stmt  goto 41
	yield_stmt  goto 42
	import_name  goto 43
	import_from  goto 44
	expr  goto 69
	star_expr  goto 60
	xor_expr  goto 70
	and_expr  goto 71
	shift_expr  goto 72
	arith_expr  goto 73
	term  goto 74
	factor  goto 75
	power  goto 79
	atom  goto 80
	test_or_star_expr  goto 57
	test  goto 59
	not_test  goto 66
	lambdef  goto 62
	or_test  goto 61
	and_test  goto 64
	comparison  goto 68
	testlist_star_expr  goto 35
	yield_expr  goto 54
	test_or_star_exprs  goto 49

state 465
	try_stmt:  TRY ':' suite except_clauses ELSE ':' suite FINALLY.':' suite 

	':'  shift 477
	.  error


state 466
	except_clause:  EXCEPT test AS NAME.    (182)

	.  reduce 182 (src line 1239)


state 467
	tfpdeftests:  tfpdeftests.',' tfpdeftest 
	typedargslist:  tfpdeftests1 ',' '*' optional_tfpdef tfpdeftests.    (38)
	typedargslist:  tfpdeftests1 ',' '*' optional_tfpdef tfpdeftests.',' STARSTAR tfpdef 

	','  shift 478
	.  reduce 38 (src line 471)


state 468
	tfpdeftests:  tfpdeftests ',' tfpdeftest.    (32)

	.  reduce 32 (src line 430)


state 469
	typedargslist:  '*' optional_tfpdef tfpdeftests ',' STARSTAR.tfpdef 

	NAME  shift 317
	.  error

	tfpdef  goto 479

state 470
	arguments2:  arguments2 ','.argument 
	arglist:  optional_arguments '*' test arguments2 ','.STARSTAR test 

	NAME  shift 84
	STRING  shift 91
	NUMBER  shift 85
	STARSTAR  shift 481
	ELIPSIS  shift 87
	FALSE  shift 90
	NONE  shift 88
	TRUE  shift 89
	LAMBDA  shift 65
	NOT  shift 67
	'('  shift 81
	'['  shift 82
	'+'  shift 76
	'-'  shift 77
	'{'  shift 83
	'~'  shift 78
	.  error

	strings  goto 86
	expr  goto 69
	xor_expr  goto 70
	and_expr  goto 71
	shift_expr  goto 72
	arith_expr  goto 73
	term  goto 74
	factor  goto 75
	power  goto 79
	atom  goto 80
	test  goto 324
	not_test  goto 66
	lambdef  goto 62
	or_test  goto 61
	and_test  goto 64
	comparison  goto 68
	argument  goto 480

state 471
	varargslist:  vfpdeftests1 ',' '*' optional_vfpdef vfpdeftests ',' STARSTAR.vfpdef 

	NAME  shift 167
	.  error

	vfpdef  goto 482

state 472
	comp_if:  IF test_nocond.    (308)
	comp_if:  IF test_nocond.comp_iter 

	FOR  shift 286
	IF  shift 463
	.  reduce 308 (src line 1972)

	comp_if  goto 462
	comp_iter  goto 483
	comp_for  goto 461

state 473
	test_nocond:  or_test.    (190)
	or_test:  or_test.OR and_test 

	OR  shift 157
	.  reduce 190 (src line 1280)


state 474
	test_nocond:  lambdef_nocond.    (191)

	.  reduce 191 (src line 1285)


state 475
	lambdef_nocond:  LAMBDA.':' test_nocond 
	lambdef_nocond:  LAMBDA.varargslist ':' test_nocond 

	NAME  shift 167
	STARSTAR  shift 164
	':'  shift 484
	'*'  shift 163
	.  error

	vfpdeftest  goto 165
	vfpdef  goto 166
	vfpdeftests1  goto 162
	varargslist  goto 485

state 476
	elifs:  elifs ELIF test ':' suite.    (163)

	.  reduce 163 (src line 1114)


state 477
	try_stmt:  TRY ':' suite except_clauses ELSE ':' suite FINALLY ':'.suite 

	NEWLINE  shift 226
	NAME  shift 84
	STRING  shift 91
	NUMBER  shift 85
	ELIPSIS  shift 87
	FALSE  shift 90
	NONE  shift 88
	TRUE  shift 89
	ASSERT  shift 47
	BREAK  shift 50
	CONTINUE  shift 51
	DEL  shift 36
	FROM  shift 56
	GLOBAL  shift 45
	IMPORT  shift 55
	LAMBDA  shift 65
	NONLOCAL  shift 46
	NOT  shift 67
	PASS  shift 37
	RAISE  shift 53
	RETURN  shift 52
	YIELD  shift 58
	'('  shift 81
	'['  shift 82
	'+'  shift 76
	'-'  shift 77
	'*'  shift 63
	'{'  shift 83
	'~'  shift 78
	.  error

	strings  goto 86
	simple_stmt  goto 225
	small_stmts  goto 8
	suite  goto 486
	small_stmt  goto 17
	expr_stmt  goto 26
	del_stmt  goto 27
	pass_stmt  goto 28
	flow_stmt  goto 29
	import_stmt  goto 30
	global_stmt  goto 31
	nonlocal_stmt  goto 32
	assert_stmt  goto 33
	break_stmt  goto 38
	continue_stmt  goto 39
	return_stmt  goto 40
	raise_stmt  goto 41
	yield_stmt  goto 42
	import_name  goto 43
	import_from  goto 44
	expr  goto 69
	star_expr  goto 60
	xor_expr  goto 70
	and_expr  goto 71
	shift_expr  goto 72
	arith_expr  goto 73
	term  goto 74
	factor  goto 75
	power  goto 79
	atom  goto 80
	test_or_star_expr  goto 57
	test  goto 59
	not_test  goto 66
	lambdef  goto 62
	or_test  goto 61
	and_test  goto 64
	comparison  goto 68
	testlist_star_expr  goto 35
	yield_expr  goto 54
	test_or_star_exprs  goto 49

state 478
	tfpdeftests:  tfpdeftests ','.tfpdeftest 
	typedargslist:  tfpdeftests1 ',' '*' optional_tfpdef tfpdeftests ','.STARSTAR tfpdef 

	NAME  shift 317
	STARSTAR  shift 487
	.  error

	tfpdeftest  goto 468
	tfpdef  goto 316

state 479
	typedargslist:  '*' optional_tfpdef tfpdeftests ',' STARSTAR tfpdef.    (42)

	.  reduce 42 (src line 487)


state 480
	arguments2:  arguments2 ',' argument.    (296)

	.  reduce 296 (src line 1873)


state 481
	arglist:  optional_arguments '*' test arguments2 ',' STARSTAR.test 

	NAME  shift 84
	STRING  shift 91
	NUMBER  shift 85
	ELIPSIS  shift 87
	FALSE  shift 90
	NONE  shift 88
	TRUE  shift 89
	LAMBDA  shift 65
	NOT  shift 67
	'('  shift 81
	'['  shift 82
	'+'  shift 76
	'-'  shift 77
	'{'  shift 83
	'~'  shift 78
	.  error

	strings  goto 86
	expr  goto 69
	xor_expr  goto 70
	and_expr  goto 71
	shift_expr  goto 72
	arith_expr  goto 73
	term  goto 74
	factor  goto 75
	power  goto 79
	atom  goto 80
	test  goto 488
	not_test  goto 66
	lambdef  goto 62
	or_test  goto 61
	and_test  goto 64
	comparison  goto 68

state 482
	varargslist:  vfpdeftests1 ',' '*' optional_vfpdef vfpdeftests ',' STARSTAR vfpdef.    (56)

	.  reduce 56 (src line 568)


state 483
	comp_if:  IF test_nocond comp_iter.    (309)

	.  reduce 309 (src line 1978)


state 484
	lambdef_nocond:  LAMBDA ':'.test_nocond 

	NAME  shift 84
	STRING  shift 91
	NUMBER  shift 85
	ELIPSIS  shift 87
	FALSE  shift 90
	NONE  shift 88
	TRUE  shift 89
	LAMBDA  shift 475
	NOT  shift 67
	'('  shift 81
	'['  shift 82
	'+'  shift 76
	'-'  shift 77
	'{'  shift 83
	'~'  shift 78
	.  error

	strings  goto 86
	expr  goto 69
	xor_expr  goto 70
	and_expr  goto 71
	shift_expr  goto 72
	arith_expr  goto 73
	term  goto 74
	factor  goto 75
	power  goto 79
	atom  goto 80
	not_test  goto 66
	test_nocond  goto 489
	lambdef_nocond  goto 474
	or_test  goto 473
	and_test  goto 64
	comparison  goto 68

state 485
	lambdef_nocond:  LAMBDA varargslist.':' test_nocond 

	':'  shift 490
	.  error


state 486
	try_stmt:  TRY ':' suite except_clauses ELSE ':' suite FINALLY ':' suite.    (174)

	.  reduce 174 (src line 1193)


state 487
	typedargslist:  tfpdeftests1 ',' '*' optional_tfpdef tfpdeftests ',' STARSTAR.tfpdef 

	NAME  shift 317
	.  error

	tfpdef  goto 491

state 488
	arglist:  optional_arguments '*' test arguments2 ',' STARSTAR test.    (299)

	.  reduce 299 (src line 1894)


state 489
	lambdef_nocond:  LAMBDA ':' test_nocond.    (194)

	.  reduce 194 (src line 1301)


state 490
	lambdef_nocond:  LAMBDA varargslist ':'.test_nocond 

	NAME  shift 84
	STRING  shift 91
	NUMBER  shift 85
	ELIPSIS  shift 87
	FALSE  shift 90
	NONE  shift 88
	TRUE  shift 89
	LAMBDA  shift 475
	NOT  shift 67
	'('  shift 81
	'['  shift 82
	'+'  shift 76
	'-'  shift 77
	'{'  shift 83
	'~'  shift 78
	.  error

	strings  goto 86
	expr  goto 69
	xor_expr  goto 70
	and_expr  goto 71
	shift_expr  goto 72
	arith_expr  goto 73
	term  goto 74
	factor  goto 75
	power  goto 79
	atom  goto 80
	not_test  goto 66
	test_nocond  goto 492
	lambdef_nocond  goto 474
	or_test  goto 473
	and_test  goto 64
	comparison  goto 68

state 491
	typedargslist:  tfpdeftests1 ',' '*' optional_tfpdef tfpdeftests ',' STARSTAR tfpdef.    (39)

	.  reduce 39 (src line 475)


state 492
	lambdef_nocond:  LAMBDA varargslist ':' test_nocond.    (195)

	.  reduce 195 (src line 1307)


92 terminals, 125 nonterminals
313 grammar rules, 493/16000 states
0 shift/reduce, 0 reduce/reduce conflicts reported
174 working sets used
memory: parser 2709/240000
215 extra closures
1936 shift entries, 3 exceptions
305 goto entries
1678 entries saved by goto default
Optimizer space used: output 1463/240000
1463 table entries, 548 zero
maximum spread: 92, maximum offset: 490
